CP949_text,CP949_code
갂,0x8141
갃,0x8142
갅,0x8143
갆,0x8144
갋,0x8145
갌,0x8146
갍,0x8147
갎,0x8148
갏,0x8149
갘,0x814A
갞,0x814B
갟,0x814C
갡,0x814D
갢,0x814E
갣,0x814F
갥,0x8150
갦,0x8151
갧,0x8152
갨,0x8153
갩,0x8154
갪,0x8155
갫,0x8156
갮,0x8157
갲,0x8158
갳,0x8159
갴,0x815A
갵,0x8161
갶,0x8162
갷,0x8163
갺,0x8164
갻,0x8165
갽,0x8166
갾,0x8167
갿,0x8168
걁,0x8169
걂,0x816A
걃,0x816B
걄,0x816C
걅,0x816D
걆,0x816E
걇,0x816F
걈,0x8170
걉,0x8171
걊,0x8172
걌,0x8173
걎,0x8174
걏,0x8175
걐,0x8176
걑,0x8177
걒,0x8178
걓,0x8179
걕,0x817A
걖,0x8181
걗,0x8182
걙,0x8183
걚,0x8184
걛,0x8185
걝,0x8186
걞,0x8187
걟,0x8188
걠,0x8189
걡,0x818A
걢,0x818B
걣,0x818C
걤,0x818D
걥,0x818E
걦,0x818F
걧,0x8190
걨,0x8191
걩,0x8192
걪,0x8193
걫,0x8194
걬,0x8195
걭,0x8196
걮,0x8197
걯,0x8198
걲,0x8199
걳,0x819A
걵,0x819B
걶,0x819C
걹,0x819D
걻,0x819E
걼,0x819F
걽,0x81A0
걾,0x81A1
걿,0x81A2
겂,0x81A3
겇,0x81A4
겈,0x81A5
겍,0x81A6
겎,0x81A7
겏,0x81A8
겑,0x81A9
겒,0x81AA
겓,0x81AB
겕,0x81AC
겖,0x81AD
겗,0x81AE
겘,0x81AF
겙,0x81B0
겚,0x81B1
겛,0x81B2
겞,0x81B3
겢,0x81B4
겣,0x81B5
겤,0x81B6
겥,0x81B7
겦,0x81B8
겧,0x81B9
겫,0x81BA
겭,0x81BB
겮,0x81BC
겱,0x81BD
겲,0x81BE
겳,0x81BF
겴,0x81C0
겵,0x81C1
겶,0x81C2
겷,0x81C3
겺,0x81C4
겾,0x81C5
겿,0x81C6
곀,0x81C7
곂,0x81C8
곃,0x81C9
곅,0x81CA
곆,0x81CB
곇,0x81CC
곉,0x81CD
곊,0x81CE
곋,0x81CF
곍,0x81D0
곎,0x81D1
곏,0x81D2
곐,0x81D3
곑,0x81D4
곒,0x81D5
곓,0x81D6
곔,0x81D7
곖,0x81D8
곘,0x81D9
곙,0x81DA
곚,0x81DB
곛,0x81DC
곜,0x81DD
곝,0x81DE
곞,0x81DF
곟,0x81E0
곢,0x81E1
곣,0x81E2
곥,0x81E3
곦,0x81E4
곩,0x81E5
곫,0x81E6
곭,0x81E7
곮,0x81E8
곲,0x81E9
곴,0x81EA
곷,0x81EB
곸,0x81EC
곹,0x81ED
곺,0x81EE
곻,0x81EF
곾,0x81F0
곿,0x81F1
괁,0x81F2
괂,0x81F3
괃,0x81F4
괅,0x81F5
괇,0x81F6
괈,0x81F7
괉,0x81F8
괊,0x81F9
괋,0x81FA
괎,0x81FB
괐,0x81FC
괒,0x81FD
괓,0x81FE
괔,0x8241
괕,0x8242
괖,0x8243
괗,0x8244
괙,0x8245
괚,0x8246
괛,0x8247
괝,0x8248
괞,0x8249
괟,0x824A
괡,0x824B
괢,0x824C
괣,0x824D
괤,0x824E
괥,0x824F
괦,0x8250
괧,0x8251
괨,0x8252
괪,0x8253
괫,0x8254
괮,0x8255
괯,0x8256
괰,0x8257
괱,0x8258
괲,0x8259
괳,0x825A
괶,0x8261
괷,0x8262
괹,0x8263
괺,0x8264
괻,0x8265
괽,0x8266
괾,0x8267
괿,0x8268
굀,0x8269
굁,0x826A
굂,0x826B
굃,0x826C
굆,0x826D
굈,0x826E
굊,0x826F
굋,0x8270
굌,0x8271
굍,0x8272
굎,0x8273
굏,0x8274
굑,0x8275
굒,0x8276
굓,0x8277
굕,0x8278
굖,0x8279
굗,0x827A
굙,0x8281
굚,0x8282
굛,0x8283
굜,0x8284
굝,0x8285
굞,0x8286
굟,0x8287
굠,0x8288
굢,0x8289
굤,0x828A
굥,0x828B
굦,0x828C
굧,0x828D
굨,0x828E
굩,0x828F
굪,0x8290
굫,0x8291
굮,0x8292
굯,0x8293
굱,0x8294
굲,0x8295
굷,0x8296
굸,0x8297
굹,0x8298
굺,0x8299
굾,0x829A
궀,0x829B
궃,0x829C
궄,0x829D
궅,0x829E
궆,0x829F
궇,0x82A0
궊,0x82A1
궋,0x82A2
궍,0x82A3
궎,0x82A4
궏,0x82A5
궑,0x82A6
궒,0x82A7
궓,0x82A8
궔,0x82A9
궕,0x82AA
궖,0x82AB
궗,0x82AC
궘,0x82AD
궙,0x82AE
궚,0x82AF
궛,0x82B0
궞,0x82B1
궟,0x82B2
궠,0x82B3
궡,0x82B4
궢,0x82B5
궣,0x82B6
궥,0x82B7
궦,0x82B8
궧,0x82B9
궨,0x82BA
궩,0x82BB
궪,0x82BC
궫,0x82BD
궬,0x82BE
궭,0x82BF
궮,0x82C0
궯,0x82C1
궰,0x82C2
궱,0x82C3
궲,0x82C4
궳,0x82C5
궴,0x82C6
궵,0x82C7
궶,0x82C8
궸,0x82C9
궹,0x82CA
궺,0x82CB
궻,0x82CC
궼,0x82CD
궽,0x82CE
궾,0x82CF
궿,0x82D0
귂,0x82D1
귃,0x82D2
귅,0x82D3
귆,0x82D4
귇,0x82D5
귉,0x82D6
귊,0x82D7
귋,0x82D8
귌,0x82D9
귍,0x82DA
귎,0x82DB
귏,0x82DC
귒,0x82DD
귔,0x82DE
귕,0x82DF
귖,0x82E0
귗,0x82E1
귘,0x82E2
귙,0x82E3
귚,0x82E4
귛,0x82E5
귝,0x82E6
귞,0x82E7
귟,0x82E8
귡,0x82E9
귢,0x82EA
귣,0x82EB
귥,0x82EC
귦,0x82ED
귧,0x82EE
귨,0x82EF
귩,0x82F0
귪,0x82F1
귫,0x82F2
귬,0x82F3
귭,0x82F4
귮,0x82F5
귯,0x82F6
귰,0x82F7
귱,0x82F8
귲,0x82F9
귳,0x82FA
귴,0x82FB
귵,0x82FC
귶,0x82FD
귷,0x82FE
귺,0x8341
귻,0x8342
귽,0x8343
귾,0x8344
긂,0x8345
긃,0x8346
긄,0x8347
긅,0x8348
긆,0x8349
긇,0x834A
긊,0x834B
긌,0x834C
긎,0x834D
긏,0x834E
긐,0x834F
긑,0x8350
긒,0x8351
긓,0x8352
긕,0x8353
긖,0x8354
긗,0x8355
긘,0x8356
긙,0x8357
긚,0x8358
긛,0x8359
긜,0x835A
긝,0x8361
긞,0x8362
긟,0x8363
긠,0x8364
긡,0x8365
긢,0x8366
긣,0x8367
긤,0x8368
긥,0x8369
긦,0x836A
긧,0x836B
긨,0x836C
긩,0x836D
긪,0x836E
긫,0x836F
긬,0x8370
긭,0x8371
긮,0x8372
긯,0x8373
긲,0x8374
긳,0x8375
긵,0x8376
긶,0x8377
긹,0x8378
긻,0x8379
긼,0x837A
긽,0x8381
긾,0x8382
긿,0x8383
깂,0x8384
깄,0x8385
깇,0x8386
깈,0x8387
깉,0x8388
깋,0x8389
깏,0x838A
깑,0x838B
깒,0x838C
깓,0x838D
깕,0x838E
깗,0x838F
깘,0x8390
깙,0x8391
깚,0x8392
깛,0x8393
깞,0x8394
깢,0x8395
깣,0x8396
깤,0x8397
깦,0x8398
깧,0x8399
깪,0x839A
깫,0x839B
깭,0x839C
깮,0x839D
깯,0x839E
깱,0x839F
깲,0x83A0
깳,0x83A1
깴,0x83A2
깵,0x83A3
깶,0x83A4
깷,0x83A5
깺,0x83A6
깾,0x83A7
깿,0x83A8
꺀,0x83A9
꺁,0x83AA
꺂,0x83AB
꺃,0x83AC
꺆,0x83AD
꺇,0x83AE
꺈,0x83AF
꺉,0x83B0
꺊,0x83B1
꺋,0x83B2
꺍,0x83B3
꺎,0x83B4
꺏,0x83B5
꺐,0x83B6
꺑,0x83B7
꺒,0x83B8
꺓,0x83B9
꺔,0x83BA
꺕,0x83BB
꺖,0x83BC
꺗,0x83BD
꺘,0x83BE
꺙,0x83BF
꺚,0x83C0
꺛,0x83C1
꺜,0x83C2
꺝,0x83C3
꺞,0x83C4
꺟,0x83C5
꺠,0x83C6
꺡,0x83C7
꺢,0x83C8
꺣,0x83C9
꺤,0x83CA
꺥,0x83CB
꺦,0x83CC
꺧,0x83CD
꺨,0x83CE
꺩,0x83CF
꺪,0x83D0
꺫,0x83D1
꺬,0x83D2
꺭,0x83D3
꺮,0x83D4
꺯,0x83D5
꺰,0x83D6
꺱,0x83D7
꺲,0x83D8
꺳,0x83D9
꺴,0x83DA
꺵,0x83DB
꺶,0x83DC
꺷,0x83DD
꺸,0x83DE
꺹,0x83DF
꺺,0x83E0
꺻,0x83E1
꺿,0x83E2
껁,0x83E3
껂,0x83E4
껃,0x83E5
껅,0x83E6
껆,0x83E7
껇,0x83E8
껈,0x83E9
껉,0x83EA
껊,0x83EB
껋,0x83EC
껎,0x83ED
껒,0x83EE
껓,0x83EF
껔,0x83F0
껕,0x83F1
껖,0x83F2
껗,0x83F3
껚,0x83F4
껛,0x83F5
껝,0x83F6
껞,0x83F7
껟,0x83F8
껠,0x83F9
껡,0x83FA
껢,0x83FB
껣,0x83FC
껤,0x83FD
껥,0x83FE
껦,0x8441
껧,0x8442
껩,0x8443
껪,0x8444
껬,0x8445
껮,0x8446
껯,0x8447
껰,0x8448
껱,0x8449
껲,0x844A
껳,0x844B
껵,0x844C
껶,0x844D
껷,0x844E
껹,0x844F
껺,0x8450
껻,0x8451
껽,0x8452
껾,0x8453
껿,0x8454
꼀,0x8455
꼁,0x8456
꼂,0x8457
꼃,0x8458
꼄,0x8459
꼅,0x845A
꼆,0x8461
꼉,0x8462
꼊,0x8463
꼋,0x8464
꼌,0x8465
꼎,0x8466
꼏,0x8467
꼑,0x8468
꼒,0x8469
꼓,0x846A
꼔,0x846B
꼕,0x846C
꼖,0x846D
꼗,0x846E
꼘,0x846F
꼙,0x8470
꼚,0x8471
꼛,0x8472
꼜,0x8473
꼝,0x8474
꼞,0x8475
꼟,0x8476
꼠,0x8477
꼡,0x8478
꼢,0x8479
꼣,0x847A
꼤,0x8481
꼥,0x8482
꼦,0x8483
꼧,0x8484
꼨,0x8485
꼩,0x8486
꼪,0x8487
꼫,0x8488
꼮,0x8489
꼯,0x848A
꼱,0x848B
꼳,0x848C
꼵,0x848D
꼶,0x848E
꼷,0x848F
꼸,0x8490
꼹,0x8491
꼺,0x8492
꼻,0x8493
꼾,0x8494
꽀,0x8495
꽄,0x8496
꽅,0x8497
꽆,0x8498
꽇,0x8499
꽊,0x849A
꽋,0x849B
꽌,0x849C
꽍,0x849D
꽎,0x849E
꽏,0x849F
꽑,0x84A0
꽒,0x84A1
꽓,0x84A2
꽔,0x84A3
꽕,0x84A4
꽖,0x84A5
꽗,0x84A6
꽘,0x84A7
꽙,0x84A8
꽚,0x84A9
꽛,0x84AA
꽞,0x84AB
꽟,0x84AC
꽠,0x84AD
꽡,0x84AE
꽢,0x84AF
꽣,0x84B0
꽦,0x84B1
꽧,0x84B2
꽨,0x84B3
꽩,0x84B4
꽪,0x84B5
꽫,0x84B6
꽬,0x84B7
꽭,0x84B8
꽮,0x84B9
꽯,0x84BA
꽰,0x84BB
꽱,0x84BC
꽲,0x84BD
꽳,0x84BE
꽴,0x84BF
꽵,0x84C0
꽶,0x84C1
꽷,0x84C2
꽸,0x84C3
꽺,0x84C4
꽻,0x84C5
꽼,0x84C6
꽽,0x84C7
꽾,0x84C8
꽿,0x84C9
꾁,0x84CA
꾂,0x84CB
꾃,0x84CC
꾅,0x84CD
꾆,0x84CE
꾇,0x84CF
꾉,0x84D0
꾊,0x84D1
꾋,0x84D2
꾌,0x84D3
꾍,0x84D4
꾎,0x84D5
꾏,0x84D6
꾒,0x84D7
꾓,0x84D8
꾔,0x84D9
꾖,0x84DA
꾗,0x84DB
꾘,0x84DC
꾙,0x84DD
꾚,0x84DE
꾛,0x84DF
꾝,0x84E0
꾞,0x84E1
꾟,0x84E2
꾠,0x84E3
꾡,0x84E4
꾢,0x84E5
꾣,0x84E6
꾤,0x84E7
꾥,0x84E8
꾦,0x84E9
꾧,0x84EA
꾨,0x84EB
꾩,0x84EC
꾪,0x84ED
꾫,0x84EE
꾬,0x84EF
꾭,0x84F0
꾮,0x84F1
꾯,0x84F2
꾰,0x84F3
꾱,0x84F4
꾲,0x84F5
꾳,0x84F6
꾴,0x84F7
꾵,0x84F8
꾶,0x84F9
꾷,0x84FA
꾺,0x84FB
꾻,0x84FC
꾽,0x84FD
꾾,0x84FE
꾿,0x8541
꿁,0x8542
꿂,0x8543
꿃,0x8544
꿄,0x8545
꿅,0x8546
꿆,0x8547
꿊,0x8548
꿌,0x8549
꿏,0x854A
꿐,0x854B
꿑,0x854C
꿒,0x854D
꿓,0x854E
꿕,0x854F
꿖,0x8550
꿗,0x8551
꿘,0x8552
꿙,0x8553
꿚,0x8554
꿛,0x8555
꿝,0x8556
꿞,0x8557
꿟,0x8558
꿠,0x8559
꿡,0x855A
꿢,0x8561
꿣,0x8562
꿤,0x8563
꿥,0x8564
꿦,0x8565
꿧,0x8566
꿪,0x8567
꿫,0x8568
꿬,0x8569
꿭,0x856A
꿮,0x856B
꿯,0x856C
꿲,0x856D
꿳,0x856E
꿵,0x856F
꿶,0x8570
꿷,0x8571
꿹,0x8572
꿺,0x8573
꿻,0x8574
꿼,0x8575
꿽,0x8576
꿾,0x8577
꿿,0x8578
뀂,0x8579
뀃,0x857A
뀅,0x8581
뀆,0x8582
뀇,0x8583
뀈,0x8584
뀉,0x8585
뀊,0x8586
뀋,0x8587
뀍,0x8588
뀎,0x8589
뀏,0x858A
뀑,0x858B
뀒,0x858C
뀓,0x858D
뀕,0x858E
뀖,0x858F
뀗,0x8590
뀘,0x8591
뀙,0x8592
뀚,0x8593
뀛,0x8594
뀞,0x8595
뀟,0x8596
뀠,0x8597
뀡,0x8598
뀢,0x8599
뀣,0x859A
뀤,0x859B
뀥,0x859C
뀦,0x859D
뀧,0x859E
뀩,0x859F
뀪,0x85A0
뀫,0x85A1
뀬,0x85A2
뀭,0x85A3
뀮,0x85A4
뀯,0x85A5
뀰,0x85A6
뀱,0x85A7
뀲,0x85A8
뀳,0x85A9
뀴,0x85AA
뀵,0x85AB
뀶,0x85AC
뀷,0x85AD
뀸,0x85AE
뀹,0x85AF
뀺,0x85B0
뀻,0x85B1
뀼,0x85B2
뀽,0x85B3
뀾,0x85B4
뀿,0x85B5
끀,0x85B6
끁,0x85B7
끂,0x85B8
끃,0x85B9
끆,0x85BA
끇,0x85BB
끉,0x85BC
끋,0x85BD
끍,0x85BE
끏,0x85BF
끐,0x85C0
끑,0x85C1
끒,0x85C2
끖,0x85C3
끘,0x85C4
끚,0x85C5
끛,0x85C6
끜,0x85C7
끞,0x85C8
끟,0x85C9
끠,0x85CA
끡,0x85CB
끢,0x85CC
끣,0x85CD
끤,0x85CE
끥,0x85CF
끦,0x85D0
끧,0x85D1
끨,0x85D2
끩,0x85D3
끪,0x85D4
끫,0x85D5
끬,0x85D6
끭,0x85D7
끮,0x85D8
끯,0x85D9
끰,0x85DA
끱,0x85DB
끲,0x85DC
끳,0x85DD
끴,0x85DE
끵,0x85DF
끶,0x85E0
끷,0x85E1
끸,0x85E2
끹,0x85E3
끺,0x85E4
끻,0x85E5
끾,0x85E6
끿,0x85E7
낁,0x85E8
낂,0x85E9
낃,0x85EA
낅,0x85EB
낆,0x85EC
낇,0x85ED
낈,0x85EE
낉,0x85EF
낊,0x85F0
낋,0x85F1
낎,0x85F2
낐,0x85F3
낒,0x85F4
낓,0x85F5
낔,0x85F6
낕,0x85F7
낖,0x85F8
낗,0x85F9
낛,0x85FA
낝,0x85FB
낞,0x85FC
낣,0x85FD
낤,0x85FE
낥,0x8641
낦,0x8642
낧,0x8643
낪,0x8644
낰,0x8645
낲,0x8646
낶,0x8647
낷,0x8648
낹,0x8649
낺,0x864A
낻,0x864B
낽,0x864C
낾,0x864D
낿,0x864E
냀,0x864F
냁,0x8650
냂,0x8651
냃,0x8652
냆,0x8653
냊,0x8654
냋,0x8655
냌,0x8656
냍,0x8657
냎,0x8658
냏,0x8659
냒,0x865A
냓,0x8661
냕,0x8662
냖,0x8663
냗,0x8664
냙,0x8665
냚,0x8666
냛,0x8667
냜,0x8668
냝,0x8669
냞,0x866A
냟,0x866B
냡,0x866C
냢,0x866D
냣,0x866E
냤,0x866F
냦,0x8670
냧,0x8671
냨,0x8672
냩,0x8673
냪,0x8674
냫,0x8675
냬,0x8676
냭,0x8677
냮,0x8678
냯,0x8679
냰,0x867A
냱,0x8681
냲,0x8682
냳,0x8683
냴,0x8684
냵,0x8685
냶,0x8686
냷,0x8687
냸,0x8688
냹,0x8689
냺,0x868A
냻,0x868B
냼,0x868C
냽,0x868D
냾,0x868E
냿,0x868F
넀,0x8690
넁,0x8691
넂,0x8692
넃,0x8693
넄,0x8694
넅,0x8695
넆,0x8696
넇,0x8697
넊,0x8698
넍,0x8699
넎,0x869A
넏,0x869B
넑,0x869C
넔,0x869D
넕,0x869E
넖,0x869F
넗,0x86A0
넚,0x86A1
넞,0x86A2
넟,0x86A3
넠,0x86A4
넡,0x86A5
넢,0x86A6
넦,0x86A7
넧,0x86A8
넩,0x86A9
넪,0x86AA
넫,0x86AB
넭,0x86AC
넮,0x86AD
넯,0x86AE
넰,0x86AF
넱,0x86B0
넲,0x86B1
넳,0x86B2
넶,0x86B3
넺,0x86B4
넻,0x86B5
넼,0x86B6
넽,0x86B7
넾,0x86B8
넿,0x86B9
녂,0x86BA
녃,0x86BB
녅,0x86BC
녆,0x86BD
녇,0x86BE
녉,0x86BF
녊,0x86C0
녋,0x86C1
녌,0x86C2
녍,0x86C3
녎,0x86C4
녏,0x86C5
녒,0x86C6
녓,0x86C7
녖,0x86C8
녗,0x86C9
녙,0x86CA
녚,0x86CB
녛,0x86CC
녝,0x86CD
녞,0x86CE
녟,0x86CF
녡,0x86D0
녢,0x86D1
녣,0x86D2
녤,0x86D3
녥,0x86D4
녦,0x86D5
녧,0x86D6
녨,0x86D7
녩,0x86D8
녪,0x86D9
녫,0x86DA
녬,0x86DB
녭,0x86DC
녮,0x86DD
녯,0x86DE
녰,0x86DF
녱,0x86E0
녲,0x86E1
녳,0x86E2
녴,0x86E3
녵,0x86E4
녶,0x86E5
녷,0x86E6
녺,0x86E7
녻,0x86E8
녽,0x86E9
녾,0x86EA
녿,0x86EB
놁,0x86EC
놃,0x86ED
놄,0x86EE
놅,0x86EF
놆,0x86F0
놇,0x86F1
놊,0x86F2
놌,0x86F3
놎,0x86F4
놏,0x86F5
놐,0x86F6
놑,0x86F7
놕,0x86F8
놖,0x86F9
놗,0x86FA
놙,0x86FB
놚,0x86FC
놛,0x86FD
놝,0x86FE
놞,0x8741
놟,0x8742
놠,0x8743
놡,0x8744
놢,0x8745
놣,0x8746
놤,0x8747
놥,0x8748
놦,0x8749
놧,0x874A
놩,0x874B
놪,0x874C
놫,0x874D
놬,0x874E
놭,0x874F
놮,0x8750
놯,0x8751
놰,0x8752
놱,0x8753
놲,0x8754
놳,0x8755
놴,0x8756
놵,0x8757
놶,0x8758
놷,0x8759
놸,0x875A
놹,0x8761
놺,0x8762
놻,0x8763
놼,0x8764
놽,0x8765
놾,0x8766
놿,0x8767
뇀,0x8768
뇁,0x8769
뇂,0x876A
뇃,0x876B
뇄,0x876C
뇅,0x876D
뇆,0x876E
뇇,0x876F
뇈,0x8770
뇉,0x8771
뇊,0x8772
뇋,0x8773
뇍,0x8774
뇎,0x8775
뇏,0x8776
뇑,0x8777
뇒,0x8778
뇓,0x8779
뇕,0x877A
뇖,0x8781
뇗,0x8782
뇘,0x8783
뇙,0x8784
뇚,0x8785
뇛,0x8786
뇞,0x8787
뇠,0x8788
뇡,0x8789
뇢,0x878A
뇣,0x878B
뇤,0x878C
뇥,0x878D
뇦,0x878E
뇧,0x878F
뇪,0x8790
뇫,0x8791
뇭,0x8792
뇮,0x8793
뇯,0x8794
뇱,0x8795
뇲,0x8796
뇳,0x8797
뇴,0x8798
뇵,0x8799
뇶,0x879A
뇷,0x879B
뇸,0x879C
뇺,0x879D
뇼,0x879E
뇾,0x879F
뇿,0x87A0
눀,0x87A1
눁,0x87A2
눂,0x87A3
눃,0x87A4
눆,0x87A5
눇,0x87A6
눉,0x87A7
눊,0x87A8
눍,0x87A9
눎,0x87AA
눏,0x87AB
눐,0x87AC
눑,0x87AD
눒,0x87AE
눓,0x87AF
눖,0x87B0
눘,0x87B1
눚,0x87B2
눛,0x87B3
눜,0x87B4
눝,0x87B5
눞,0x87B6
눟,0x87B7
눡,0x87B8
눢,0x87B9
눣,0x87BA
눤,0x87BB
눥,0x87BC
눦,0x87BD
눧,0x87BE
눨,0x87BF
눩,0x87C0
눪,0x87C1
눫,0x87C2
눬,0x87C3
눭,0x87C4
눮,0x87C5
눯,0x87C6
눰,0x87C7
눱,0x87C8
눲,0x87C9
눳,0x87CA
눵,0x87CB
눶,0x87CC
눷,0x87CD
눸,0x87CE
눹,0x87CF
눺,0x87D0
눻,0x87D1
눽,0x87D2
눾,0x87D3
눿,0x87D4
뉀,0x87D5
뉁,0x87D6
뉂,0x87D7
뉃,0x87D8
뉄,0x87D9
뉅,0x87DA
뉆,0x87DB
뉇,0x87DC
뉈,0x87DD
뉉,0x87DE
뉊,0x87DF
뉋,0x87E0
뉌,0x87E1
뉍,0x87E2
뉎,0x87E3
뉏,0x87E4
뉐,0x87E5
뉑,0x87E6
뉒,0x87E7
뉓,0x87E8
뉔,0x87E9
뉕,0x87EA
뉖,0x87EB
뉗,0x87EC
뉙,0x87ED
뉚,0x87EE
뉛,0x87EF
뉝,0x87F0
뉞,0x87F1
뉟,0x87F2
뉡,0x87F3
뉢,0x87F4
뉣,0x87F5
뉤,0x87F6
뉥,0x87F7
뉦,0x87F8
뉧,0x87F9
뉪,0x87FA
뉫,0x87FB
뉬,0x87FC
뉭,0x87FD
뉮,0x87FE
뉯,0x8841
뉰,0x8842
뉱,0x8843
뉲,0x8844
뉳,0x8845
뉶,0x8846
뉷,0x8847
뉸,0x8848
뉹,0x8849
뉺,0x884A
뉻,0x884B
뉽,0x884C
뉾,0x884D
뉿,0x884E
늀,0x884F
늁,0x8850
늂,0x8851
늃,0x8852
늆,0x8853
늇,0x8854
늈,0x8855
늊,0x8856
늋,0x8857
늌,0x8858
늍,0x8859
늎,0x885A
늏,0x8861
늒,0x8862
늓,0x8863
늕,0x8864
늖,0x8865
늗,0x8866
늛,0x8867
늜,0x8868
늝,0x8869
늞,0x886A
늟,0x886B
늢,0x886C
늤,0x886D
늧,0x886E
늨,0x886F
늩,0x8870
늫,0x8871
늭,0x8872
늮,0x8873
늯,0x8874
늱,0x8875
늲,0x8876
늳,0x8877
늵,0x8878
늶,0x8879
늷,0x887A
늸,0x8881
늹,0x8882
늺,0x8883
늻,0x8884
늼,0x8885
늽,0x8886
늾,0x8887
늿,0x8888
닀,0x8889
닁,0x888A
닂,0x888B
닃,0x888C
닄,0x888D
닅,0x888E
닆,0x888F
닇,0x8890
닊,0x8891
닋,0x8892
닍,0x8893
닎,0x8894
닏,0x8895
닑,0x8896
닓,0x8897
닔,0x8898
닕,0x8899
닖,0x889A
닗,0x889B
닚,0x889C
닜,0x889D
닞,0x889E
닟,0x889F
닠,0x88A0
닡,0x88A1
닣,0x88A2
닧,0x88A3
닩,0x88A4
닪,0x88A5
닰,0x88A6
닱,0x88A7
닲,0x88A8
닶,0x88A9
닼,0x88AA
닽,0x88AB
닾,0x88AC
댂,0x88AD
댃,0x88AE
댅,0x88AF
댆,0x88B0
댇,0x88B1
댉,0x88B2
댊,0x88B3
댋,0x88B4
댌,0x88B5
댍,0x88B6
댎,0x88B7
댏,0x88B8
댒,0x88B9
댖,0x88BA
댗,0x88BB
댘,0x88BC
댙,0x88BD
댚,0x88BE
댛,0x88BF
댝,0x88C0
댞,0x88C1
댟,0x88C2
댠,0x88C3
댡,0x88C4
댢,0x88C5
댣,0x88C6
댤,0x88C7
댥,0x88C8
댦,0x88C9
댧,0x88CA
댨,0x88CB
댩,0x88CC
댪,0x88CD
댫,0x88CE
댬,0x88CF
댭,0x88D0
댮,0x88D1
댯,0x88D2
댰,0x88D3
댱,0x88D4
댲,0x88D5
댳,0x88D6
댴,0x88D7
댵,0x88D8
댶,0x88D9
댷,0x88DA
댸,0x88DB
댹,0x88DC
댺,0x88DD
댻,0x88DE
댼,0x88DF
댽,0x88E0
댾,0x88E1
댿,0x88E2
덀,0x88E3
덁,0x88E4
덂,0x88E5
덃,0x88E6
덄,0x88E7
덅,0x88E8
덆,0x88E9
덇,0x88EA
덈,0x88EB
덉,0x88EC
덊,0x88ED
덋,0x88EE
덌,0x88EF
덍,0x88F0
덎,0x88F1
덏,0x88F2
덐,0x88F3
덑,0x88F4
덒,0x88F5
덓,0x88F6
덗,0x88F7
덙,0x88F8
덚,0x88F9
덝,0x88FA
덠,0x88FB
덡,0x88FC
덢,0x88FD
덣,0x88FE
덦,0x8941
덨,0x8942
덪,0x8943
덬,0x8944
덭,0x8945
덯,0x8946
덲,0x8947
덳,0x8948
덵,0x8949
덶,0x894A
덷,0x894B
덹,0x894C
덺,0x894D
덻,0x894E
덼,0x894F
덽,0x8950
덾,0x8951
덿,0x8952
뎂,0x8953
뎆,0x8954
뎇,0x8955
뎈,0x8956
뎉,0x8957
뎊,0x8958
뎋,0x8959
뎍,0x895A
뎎,0x8961
뎏,0x8962
뎑,0x8963
뎒,0x8964
뎓,0x8965
뎕,0x8966
뎖,0x8967
뎗,0x8968
뎘,0x8969
뎙,0x896A
뎚,0x896B
뎛,0x896C
뎜,0x896D
뎝,0x896E
뎞,0x896F
뎟,0x8970
뎢,0x8971
뎣,0x8972
뎤,0x8973
뎥,0x8974
뎦,0x8975
뎧,0x8976
뎩,0x8977
뎪,0x8978
뎫,0x8979
뎭,0x897A
뎮,0x8981
뎯,0x8982
뎰,0x8983
뎱,0x8984
뎲,0x8985
뎳,0x8986
뎴,0x8987
뎵,0x8988
뎶,0x8989
뎷,0x898A
뎸,0x898B
뎹,0x898C
뎺,0x898D
뎻,0x898E
뎼,0x898F
뎽,0x8990
뎾,0x8991
뎿,0x8992
돀,0x8993
돁,0x8994
돂,0x8995
돃,0x8996
돆,0x8997
돇,0x8998
돉,0x8999
돊,0x899A
돍,0x899B
돏,0x899C
돑,0x899D
돒,0x899E
돓,0x899F
돖,0x89A0
돘,0x89A1
돚,0x89A2
돜,0x89A3
돞,0x89A4
돟,0x89A5
돡,0x89A6
돢,0x89A7
돣,0x89A8
돥,0x89A9
돦,0x89AA
돧,0x89AB
돩,0x89AC
돪,0x89AD
돫,0x89AE
돬,0x89AF
돭,0x89B0
돮,0x89B1
돯,0x89B2
돰,0x89B3
돱,0x89B4
돲,0x89B5
돳,0x89B6
돴,0x89B7
돵,0x89B8
돶,0x89B9
돷,0x89BA
돸,0x89BB
돹,0x89BC
돺,0x89BD
돻,0x89BE
돽,0x89BF
돾,0x89C0
돿,0x89C1
됀,0x89C2
됁,0x89C3
됂,0x89C4
됃,0x89C5
됄,0x89C6
됅,0x89C7
됆,0x89C8
됇,0x89C9
됈,0x89CA
됉,0x89CB
됊,0x89CC
됋,0x89CD
됌,0x89CE
됍,0x89CF
됎,0x89D0
됏,0x89D1
됑,0x89D2
됒,0x89D3
됓,0x89D4
됔,0x89D5
됕,0x89D6
됖,0x89D7
됗,0x89D8
됙,0x89D9
됚,0x89DA
됛,0x89DB
됝,0x89DC
됞,0x89DD
됟,0x89DE
됡,0x89DF
됢,0x89E0
됣,0x89E1
됤,0x89E2
됥,0x89E3
됦,0x89E4
됧,0x89E5
됪,0x89E6
됐,0x89E7
됭,0x89E8
됮,0x89E9
됯,0x89EA
됰,0x89EB
됱,0x89EC
됲,0x89ED
됳,0x89EE
됵,0x89EF
됶,0x89F0
됷,0x89F1
됸,0x89F2
됹,0x89F3
됺,0x89F4
됻,0x89F5
됼,0x89F6
됽,0x89F7
됾,0x89F8
됿,0x89F9
둀,0x89FA
둁,0x89FB
둂,0x89FC
둃,0x89FD
둄,0x89FE
둅,0x8A41
둆,0x8A42
둇,0x8A43
둈,0x8A44
둉,0x8A45
둊,0x8A46
둋,0x8A47
둌,0x8A48
둍,0x8A49
둎,0x8A4A
둏,0x8A4B
둒,0x8A4C
둓,0x8A4D
둕,0x8A4E
둖,0x8A4F
둗,0x8A50
둙,0x8A51
둚,0x8A52
둛,0x8A53
둜,0x8A54
둝,0x8A55
둞,0x8A56
둟,0x8A57
둢,0x8A58
둤,0x8A59
둦,0x8A5A
둧,0x8A61
둨,0x8A62
둩,0x8A63
둪,0x8A64
둫,0x8A65
둭,0x8A66
둮,0x8A67
둯,0x8A68
둰,0x8A69
둱,0x8A6A
둲,0x8A6B
둳,0x8A6C
둴,0x8A6D
둵,0x8A6E
둶,0x8A6F
둷,0x8A70
둸,0x8A71
둹,0x8A72
둺,0x8A73
둻,0x8A74
둼,0x8A75
둽,0x8A76
둾,0x8A77
둿,0x8A78
뒁,0x8A79
뒂,0x8A7A
뒃,0x8A81
뒄,0x8A82
뒅,0x8A83
뒆,0x8A84
뒇,0x8A85
뒉,0x8A86
뒊,0x8A87
뒋,0x8A88
뒌,0x8A89
뒍,0x8A8A
뒎,0x8A8B
뒏,0x8A8C
뒐,0x8A8D
뒑,0x8A8E
뒒,0x8A8F
뒓,0x8A90
뒔,0x8A91
뒕,0x8A92
뒖,0x8A93
뒗,0x8A94
뒘,0x8A95
뒙,0x8A96
뒚,0x8A97
뒛,0x8A98
뒜,0x8A99
뒞,0x8A9A
뒟,0x8A9B
뒠,0x8A9C
뒡,0x8A9D
뒢,0x8A9E
뒣,0x8A9F
뒥,0x8AA0
뒦,0x8AA1
뒧,0x8AA2
뒩,0x8AA3
뒪,0x8AA4
뒫,0x8AA5
뒭,0x8AA6
뒮,0x8AA7
뒯,0x8AA8
뒰,0x8AA9
뒱,0x8AAA
뒲,0x8AAB
뒳,0x8AAC
뒴,0x8AAD
뒶,0x8AAE
뒸,0x8AAF
뒺,0x8AB0
뒻,0x8AB1
뒼,0x8AB2
뒽,0x8AB3
뒾,0x8AB4
뒿,0x8AB5
듁,0x8AB6
듂,0x8AB7
듃,0x8AB8
듅,0x8AB9
듆,0x8ABA
듇,0x8ABB
듉,0x8ABC
듊,0x8ABD
듋,0x8ABE
듌,0x8ABF
듍,0x8AC0
듎,0x8AC1
듏,0x8AC2
듑,0x8AC3
듒,0x8AC4
듓,0x8AC5
듔,0x8AC6
듖,0x8AC7
듗,0x8AC8
듘,0x8AC9
듙,0x8ACA
듚,0x8ACB
듛,0x8ACC
듞,0x8ACD
듟,0x8ACE
듡,0x8ACF
듢,0x8AD0
듥,0x8AD1
듧,0x8AD2
듨,0x8AD3
듩,0x8AD4
듪,0x8AD5
듫,0x8AD6
듮,0x8AD7
듰,0x8AD8
듲,0x8AD9
듳,0x8ADA
듴,0x8ADB
듵,0x8ADC
듶,0x8ADD
듷,0x8ADE
듹,0x8ADF
듺,0x8AE0
듻,0x8AE1
듼,0x8AE2
듽,0x8AE3
듾,0x8AE4
듿,0x8AE5
딀,0x8AE6
딁,0x8AE7
딂,0x8AE8
딃,0x8AE9
딄,0x8AEA
딅,0x8AEB
딆,0x8AEC
딇,0x8AED
딈,0x8AEE
딉,0x8AEF
딊,0x8AF0
딋,0x8AF1
딌,0x8AF2
딍,0x8AF3
딎,0x8AF4
딏,0x8AF5
딐,0x8AF6
딑,0x8AF7
딒,0x8AF8
딓,0x8AF9
딖,0x8AFA
딗,0x8AFB
딙,0x8AFC
딚,0x8AFD
딝,0x8AFE
딞,0x8B41
딟,0x8B42
딠,0x8B43
딡,0x8B44
딢,0x8B45
딣,0x8B46
딦,0x8B47
딫,0x8B48
딬,0x8B49
딭,0x8B4A
딮,0x8B4B
딯,0x8B4C
딲,0x8B4D
딳,0x8B4E
딵,0x8B4F
딶,0x8B50
딷,0x8B51
딹,0x8B52
딺,0x8B53
딻,0x8B54
딼,0x8B55
딽,0x8B56
딾,0x8B57
딿,0x8B58
땂,0x8B59
땆,0x8B5A
땇,0x8B61
땈,0x8B62
땉,0x8B63
땊,0x8B64
땎,0x8B65
땏,0x8B66
땑,0x8B67
땒,0x8B68
땓,0x8B69
땕,0x8B6A
땖,0x8B6B
땗,0x8B6C
땘,0x8B6D
땙,0x8B6E
땚,0x8B6F
땛,0x8B70
땞,0x8B71
땢,0x8B72
땣,0x8B73
땤,0x8B74
땥,0x8B75
땦,0x8B76
땧,0x8B77
땨,0x8B78
땩,0x8B79
땪,0x8B7A
땫,0x8B81
땬,0x8B82
땭,0x8B83
땮,0x8B84
땯,0x8B85
땰,0x8B86
땱,0x8B87
땲,0x8B88
땳,0x8B89
땴,0x8B8A
땵,0x8B8B
땶,0x8B8C
땷,0x8B8D
땸,0x8B8E
땹,0x8B8F
땺,0x8B90
땻,0x8B91
땼,0x8B92
땽,0x8B93
땾,0x8B94
땿,0x8B95
떀,0x8B96
떁,0x8B97
떂,0x8B98
떃,0x8B99
떄,0x8B9A
떅,0x8B9B
떆,0x8B9C
떇,0x8B9D
떈,0x8B9E
떉,0x8B9F
떊,0x8BA0
떋,0x8BA1
떌,0x8BA2
떍,0x8BA3
떎,0x8BA4
떏,0x8BA5
떐,0x8BA6
떑,0x8BA7
떒,0x8BA8
떓,0x8BA9
떔,0x8BAA
떕,0x8BAB
떖,0x8BAC
떗,0x8BAD
떘,0x8BAE
떙,0x8BAF
떚,0x8BB0
떛,0x8BB1
떜,0x8BB2
떝,0x8BB3
떞,0x8BB4
떟,0x8BB5
떢,0x8BB6
떣,0x8BB7
떥,0x8BB8
떦,0x8BB9
떧,0x8BBA
떩,0x8BBB
떬,0x8BBC
떭,0x8BBD
떮,0x8BBE
떯,0x8BBF
떲,0x8BC0
떶,0x8BC1
떷,0x8BC2
떸,0x8BC3
떹,0x8BC4
떺,0x8BC5
떾,0x8BC6
떿,0x8BC7
뗁,0x8BC8
뗂,0x8BC9
뗃,0x8BCA
뗅,0x8BCB
뗆,0x8BCC
뗇,0x8BCD
뗈,0x8BCE
뗉,0x8BCF
뗊,0x8BD0
뗋,0x8BD1
뗎,0x8BD2
뗒,0x8BD3
뗓,0x8BD4
뗔,0x8BD5
뗕,0x8BD6
뗖,0x8BD7
뗗,0x8BD8
뗙,0x8BD9
뗚,0x8BDA
뗛,0x8BDB
뗜,0x8BDC
뗝,0x8BDD
뗞,0x8BDE
뗟,0x8BDF
뗠,0x8BE0
뗡,0x8BE1
뗢,0x8BE2
뗣,0x8BE3
뗤,0x8BE4
뗥,0x8BE5
뗦,0x8BE6
뗧,0x8BE7
뗨,0x8BE8
뗩,0x8BE9
뗪,0x8BEA
뗫,0x8BEB
뗭,0x8BEC
뗮,0x8BED
뗯,0x8BEE
뗰,0x8BEF
뗱,0x8BF0
뗲,0x8BF1
뗳,0x8BF2
뗴,0x8BF3
뗵,0x8BF4
뗶,0x8BF5
뗷,0x8BF6
뗸,0x8BF7
뗹,0x8BF8
뗺,0x8BF9
뗻,0x8BFA
뗼,0x8BFB
뗽,0x8BFC
뗾,0x8BFD
뗿,0x8BFE
똀,0x8C41
똁,0x8C42
똂,0x8C43
똃,0x8C44
똄,0x8C45
똅,0x8C46
똆,0x8C47
똇,0x8C48
똈,0x8C49
똉,0x8C4A
똊,0x8C4B
똋,0x8C4C
똌,0x8C4D
똍,0x8C4E
똎,0x8C4F
똏,0x8C50
똒,0x8C51
똓,0x8C52
똕,0x8C53
똖,0x8C54
똗,0x8C55
똙,0x8C56
똚,0x8C57
똛,0x8C58
똜,0x8C59
똝,0x8C5A
똞,0x8C61
똟,0x8C62
똠,0x8C63
똡,0x8C64
똢,0x8C65
똣,0x8C66
똤,0x8C67
똦,0x8C68
똧,0x8C69
똨,0x8C6A
똩,0x8C6B
똪,0x8C6C
똫,0x8C6D
똭,0x8C6E
똮,0x8C6F
똯,0x8C70
똰,0x8C71
똱,0x8C72
똲,0x8C73
똳,0x8C74
똵,0x8C75
똶,0x8C76
똷,0x8C77
똸,0x8C78
똹,0x8C79
똺,0x8C7A
똻,0x8C81
똼,0x8C82
똽,0x8C83
똾,0x8C84
똿,0x8C85
뙀,0x8C86
뙁,0x8C87
뙂,0x8C88
뙃,0x8C89
뙄,0x8C8A
뙅,0x8C8B
뙆,0x8C8C
뙇,0x8C8D
뙉,0x8C8E
뙊,0x8C8F
뙋,0x8C90
뙌,0x8C91
뙍,0x8C92
뙎,0x8C93
뙏,0x8C94
뙐,0x8C95
뙑,0x8C96
뙒,0x8C97
뙓,0x8C98
뙔,0x8C99
뙕,0x8C9A
뙖,0x8C9B
뙗,0x8C9C
뙘,0x8C9D
뙙,0x8C9E
뙚,0x8C9F
뙛,0x8CA0
뙜,0x8CA1
뙝,0x8CA2
뙞,0x8CA3
뙟,0x8CA4
뙠,0x8CA5
뙡,0x8CA6
뙢,0x8CA7
뙣,0x8CA8
뙥,0x8CA9
뙦,0x8CAA
뙧,0x8CAB
뙩,0x8CAC
뙪,0x8CAD
뙫,0x8CAE
뙬,0x8CAF
뙭,0x8CB0
뙮,0x8CB1
뙯,0x8CB2
뙰,0x8CB3
뙱,0x8CB4
뙲,0x8CB5
뙳,0x8CB6
뙴,0x8CB7
뙵,0x8CB8
뙶,0x8CB9
뙷,0x8CBA
뙸,0x8CBB
뙹,0x8CBC
뙺,0x8CBD
뙻,0x8CBE
뙼,0x8CBF
뙽,0x8CC0
뙾,0x8CC1
뙿,0x8CC2
뚀,0x8CC3
뚁,0x8CC4
뚂,0x8CC5
뚃,0x8CC6
뚄,0x8CC7
뚅,0x8CC8
뚆,0x8CC9
뚇,0x8CCA
뚈,0x8CCB
뚉,0x8CCC
뚊,0x8CCD
뚋,0x8CCE
뚌,0x8CCF
뚍,0x8CD0
뚎,0x8CD1
뚏,0x8CD2
뚐,0x8CD3
뚑,0x8CD4
뚒,0x8CD5
뚓,0x8CD6
뚔,0x8CD7
뚕,0x8CD8
뚖,0x8CD9
뚗,0x8CDA
뚘,0x8CDB
뚙,0x8CDC
뚚,0x8CDD
뚛,0x8CDE
뚞,0x8CDF
뚟,0x8CE0
뚡,0x8CE1
뚢,0x8CE2
뚣,0x8CE3
뚥,0x8CE4
뚦,0x8CE5
뚧,0x8CE6
뚨,0x8CE7
뚩,0x8CE8
뚪,0x8CE9
뚭,0x8CEA
뚮,0x8CEB
뚯,0x8CEC
뚰,0x8CED
뚲,0x8CEE
뚳,0x8CEF
뚴,0x8CF0
뚵,0x8CF1
뚶,0x8CF2
뚷,0x8CF3
뚸,0x8CF4
뚹,0x8CF5
뚺,0x8CF6
뚻,0x8CF7
뚼,0x8CF8
뚽,0x8CF9
뚾,0x8CFA
뚿,0x8CFB
뛀,0x8CFC
뛁,0x8CFD
뛂,0x8CFE
뛃,0x8D41
뛄,0x8D42
뛅,0x8D43
뛆,0x8D44
뛇,0x8D45
뛈,0x8D46
뛉,0x8D47
뛊,0x8D48
뛋,0x8D49
뛌,0x8D4A
뛍,0x8D4B
뛎,0x8D4C
뛏,0x8D4D
뛐,0x8D4E
뛑,0x8D4F
뛒,0x8D50
뛓,0x8D51
뛕,0x8D52
뛖,0x8D53
뛗,0x8D54
뛘,0x8D55
뛙,0x8D56
뛚,0x8D57
뛛,0x8D58
뛜,0x8D59
뛝,0x8D5A
뛞,0x8D61
뛟,0x8D62
뛠,0x8D63
뛡,0x8D64
뛢,0x8D65
뛣,0x8D66
뛤,0x8D67
뛥,0x8D68
뛦,0x8D69
뛧,0x8D6A
뛨,0x8D6B
뛩,0x8D6C
뛪,0x8D6D
뛫,0x8D6E
뛬,0x8D6F
뛭,0x8D70
뛮,0x8D71
뛯,0x8D72
뛱,0x8D73
뛲,0x8D74
뛳,0x8D75
뛵,0x8D76
뛶,0x8D77
뛷,0x8D78
뛹,0x8D79
뛺,0x8D7A
뛻,0x8D81
뛼,0x8D82
뛽,0x8D83
뛾,0x8D84
뛿,0x8D85
뜂,0x8D86
뜃,0x8D87
뜄,0x8D88
뜆,0x8D89
뜇,0x8D8A
뜈,0x8D8B
뜉,0x8D8C
뜊,0x8D8D
뜋,0x8D8E
뜌,0x8D8F
뜍,0x8D90
뜎,0x8D91
뜏,0x8D92
뜐,0x8D93
뜑,0x8D94
뜒,0x8D95
뜓,0x8D96
뜔,0x8D97
뜕,0x8D98
뜖,0x8D99
뜗,0x8D9A
뜘,0x8D9B
뜙,0x8D9C
뜚,0x8D9D
뜛,0x8D9E
뜜,0x8D9F
뜝,0x8DA0
뜞,0x8DA1
뜟,0x8DA2
뜠,0x8DA3
뜡,0x8DA4
뜢,0x8DA5
뜣,0x8DA6
뜤,0x8DA7
뜥,0x8DA8
뜦,0x8DA9
뜧,0x8DAA
뜪,0x8DAB
뜫,0x8DAC
뜭,0x8DAD
뜮,0x8DAE
뜱,0x8DAF
뜲,0x8DB0
뜳,0x8DB1
뜴,0x8DB2
뜵,0x8DB3
뜶,0x8DB4
뜷,0x8DB5
뜺,0x8DB6
뜼,0x8DB7
뜽,0x8DB8
뜾,0x8DB9
뜿,0x8DBA
띀,0x8DBB
띁,0x8DBC
띂,0x8DBD
띃,0x8DBE
띅,0x8DBF
띆,0x8DC0
띇,0x8DC1
띉,0x8DC2
띊,0x8DC3
띋,0x8DC4
띍,0x8DC5
띎,0x8DC6
띏,0x8DC7
띐,0x8DC8
띑,0x8DC9
띒,0x8DCA
띓,0x8DCB
띖,0x8DCC
띗,0x8DCD
띘,0x8DCE
띙,0x8DCF
띚,0x8DD0
띛,0x8DD1
띜,0x8DD2
띝,0x8DD3
띞,0x8DD4
띟,0x8DD5
띡,0x8DD6
띢,0x8DD7
띣,0x8DD8
띥,0x8DD9
띦,0x8DDA
띧,0x8DDB
띩,0x8DDC
띪,0x8DDD
띫,0x8DDE
띬,0x8DDF
띭,0x8DE0
띮,0x8DE1
띯,0x8DE2
띲,0x8DE3
띴,0x8DE4
띶,0x8DE5
띷,0x8DE6
띸,0x8DE7
띹,0x8DE8
띺,0x8DE9
띻,0x8DEA
띾,0x8DEB
띿,0x8DEC
랁,0x8DED
랂,0x8DEE
랃,0x8DEF
랅,0x8DF0
랆,0x8DF1
랇,0x8DF2
랈,0x8DF3
랉,0x8DF4
랊,0x8DF5
랋,0x8DF6
랎,0x8DF7
랓,0x8DF8
랔,0x8DF9
랕,0x8DFA
랚,0x8DFB
랛,0x8DFC
랝,0x8DFD
랞,0x8DFE
랟,0x8E41
랡,0x8E42
랢,0x8E43
랣,0x8E44
랤,0x8E45
랥,0x8E46
랦,0x8E47
랧,0x8E48
랪,0x8E49
랮,0x8E4A
랯,0x8E4B
랰,0x8E4C
랱,0x8E4D
랲,0x8E4E
랳,0x8E4F
랶,0x8E50
랷,0x8E51
랹,0x8E52
랺,0x8E53
랻,0x8E54
랼,0x8E55
랽,0x8E56
랾,0x8E57
랿,0x8E58
럀,0x8E59
럁,0x8E5A
럂,0x8E61
럃,0x8E62
럄,0x8E63
럅,0x8E64
럆,0x8E65
럈,0x8E66
럊,0x8E67
럋,0x8E68
럌,0x8E69
럍,0x8E6A
럎,0x8E6B
럏,0x8E6C
럐,0x8E6D
럑,0x8E6E
럒,0x8E6F
럓,0x8E70
럔,0x8E71
럕,0x8E72
럖,0x8E73
럗,0x8E74
럘,0x8E75
럙,0x8E76
럚,0x8E77
럛,0x8E78
럜,0x8E79
럝,0x8E7A
럞,0x8E81
럟,0x8E82
럠,0x8E83
럡,0x8E84
럢,0x8E85
럣,0x8E86
럤,0x8E87
럥,0x8E88
럦,0x8E89
럧,0x8E8A
럨,0x8E8B
럩,0x8E8C
럪,0x8E8D
럫,0x8E8E
럮,0x8E8F
럯,0x8E90
럱,0x8E91
럲,0x8E92
럳,0x8E93
럵,0x8E94
럶,0x8E95
럷,0x8E96
럸,0x8E97
럹,0x8E98
럺,0x8E99
럻,0x8E9A
럾,0x8E9B
렂,0x8E9C
렃,0x8E9D
렄,0x8E9E
렅,0x8E9F
렆,0x8EA0
렊,0x8EA1
렋,0x8EA2
렍,0x8EA3
렎,0x8EA4
렏,0x8EA5
렑,0x8EA6
렒,0x8EA7
렓,0x8EA8
렔,0x8EA9
렕,0x8EAA
렖,0x8EAB
렗,0x8EAC
렚,0x8EAD
렜,0x8EAE
렞,0x8EAF
렟,0x8EB0
렠,0x8EB1
렡,0x8EB2
렢,0x8EB3
렣,0x8EB4
렦,0x8EB5
렧,0x8EB6
렩,0x8EB7
렪,0x8EB8
렫,0x8EB9
렭,0x8EBA
렮,0x8EBB
렯,0x8EBC
렰,0x8EBD
렱,0x8EBE
렲,0x8EBF
렳,0x8EC0
렶,0x8EC1
렺,0x8EC2
렻,0x8EC3
렼,0x8EC4
렽,0x8EC5
렾,0x8EC6
렿,0x8EC7
롁,0x8EC8
롂,0x8EC9
롃,0x8ECA
롅,0x8ECB
롆,0x8ECC
롇,0x8ECD
롈,0x8ECE
롉,0x8ECF
롊,0x8ED0
롋,0x8ED1
롌,0x8ED2
롍,0x8ED3
롎,0x8ED4
롏,0x8ED5
롐,0x8ED6
롒,0x8ED7
롔,0x8ED8
롕,0x8ED9
롖,0x8EDA
롗,0x8EDB
롘,0x8EDC
롙,0x8EDD
롚,0x8EDE
롛,0x8EDF
롞,0x8EE0
롟,0x8EE1
롡,0x8EE2
롢,0x8EE3
롣,0x8EE4
롥,0x8EE5
롦,0x8EE6
롧,0x8EE7
롨,0x8EE8
롩,0x8EE9
롪,0x8EEA
롫,0x8EEB
롮,0x8EEC
롰,0x8EED
롲,0x8EEE
롳,0x8EEF
롴,0x8EF0
롵,0x8EF1
롶,0x8EF2
롷,0x8EF3
롹,0x8EF4
롺,0x8EF5
롻,0x8EF6
롽,0x8EF7
롾,0x8EF8
롿,0x8EF9
뢀,0x8EFA
뢁,0x8EFB
뢂,0x8EFC
뢃,0x8EFD
뢄,0x8EFE
뢅,0x8F41
뢆,0x8F42
뢇,0x8F43
뢈,0x8F44
뢉,0x8F45
뢊,0x8F46
뢋,0x8F47
뢌,0x8F48
뢎,0x8F49
뢏,0x8F4A
뢐,0x8F4B
뢑,0x8F4C
뢒,0x8F4D
뢓,0x8F4E
뢔,0x8F4F
뢕,0x8F50
뢖,0x8F51
뢗,0x8F52
뢘,0x8F53
뢙,0x8F54
뢚,0x8F55
뢛,0x8F56
뢜,0x8F57
뢝,0x8F58
뢞,0x8F59
뢟,0x8F5A
뢠,0x8F61
뢡,0x8F62
뢢,0x8F63
뢣,0x8F64
뢤,0x8F65
뢥,0x8F66
뢦,0x8F67
뢧,0x8F68
뢩,0x8F69
뢪,0x8F6A
뢫,0x8F6B
뢬,0x8F6C
뢭,0x8F6D
뢮,0x8F6E
뢯,0x8F6F
뢱,0x8F70
뢲,0x8F71
뢳,0x8F72
뢵,0x8F73
뢶,0x8F74
뢷,0x8F75
뢹,0x8F76
뢺,0x8F77
뢻,0x8F78
뢼,0x8F79
뢽,0x8F7A
뢾,0x8F81
뢿,0x8F82
룂,0x8F83
룄,0x8F84
룆,0x8F85
룇,0x8F86
룈,0x8F87
룉,0x8F88
룊,0x8F89
룋,0x8F8A
룍,0x8F8B
룎,0x8F8C
룏,0x8F8D
룑,0x8F8E
룒,0x8F8F
룓,0x8F90
룕,0x8F91
룖,0x8F92
룗,0x8F93
룘,0x8F94
룙,0x8F95
룚,0x8F96
룛,0x8F97
룜,0x8F98
룞,0x8F99
룠,0x8F9A
룢,0x8F9B
룣,0x8F9C
룤,0x8F9D
룥,0x8F9E
룦,0x8F9F
룧,0x8FA0
룪,0x8FA1
룫,0x8FA2
룭,0x8FA3
룮,0x8FA4
룯,0x8FA5
룱,0x8FA6
룲,0x8FA7
룳,0x8FA8
룴,0x8FA9
룵,0x8FAA
룶,0x8FAB
룷,0x8FAC
룺,0x8FAD
룼,0x8FAE
룾,0x8FAF
룿,0x8FB0
뤀,0x8FB1
뤁,0x8FB2
뤂,0x8FB3
뤃,0x8FB4
뤅,0x8FB5
뤆,0x8FB6
뤇,0x8FB7
뤈,0x8FB8
뤉,0x8FB9
뤊,0x8FBA
뤋,0x8FBB
뤌,0x8FBC
뤍,0x8FBD
뤎,0x8FBE
뤏,0x8FBF
뤐,0x8FC0
뤑,0x8FC1
뤒,0x8FC2
뤓,0x8FC3
뤔,0x8FC4
뤕,0x8FC5
뤖,0x8FC6
뤗,0x8FC7
뤙,0x8FC8
뤚,0x8FC9
뤛,0x8FCA
뤜,0x8FCB
뤝,0x8FCC
뤞,0x8FCD
뤟,0x8FCE
뤡,0x8FCF
뤢,0x8FD0
뤣,0x8FD1
뤤,0x8FD2
뤥,0x8FD3
뤦,0x8FD4
뤧,0x8FD5
뤨,0x8FD6
뤩,0x8FD7
뤪,0x8FD8
뤫,0x8FD9
뤬,0x8FDA
뤭,0x8FDB
뤮,0x8FDC
뤯,0x8FDD
뤰,0x8FDE
뤱,0x8FDF
뤲,0x8FE0
뤳,0x8FE1
뤴,0x8FE2
뤵,0x8FE3
뤶,0x8FE4
뤷,0x8FE5
뤸,0x8FE6
뤹,0x8FE7
뤺,0x8FE8
뤻,0x8FE9
뤾,0x8FEA
뤿,0x8FEB
륁,0x8FEC
륂,0x8FED
륃,0x8FEE
륅,0x8FEF
륆,0x8FF0
륇,0x8FF1
륈,0x8FF2
륉,0x8FF3
륊,0x8FF4
륋,0x8FF5
륍,0x8FF6
륎,0x8FF7
륐,0x8FF8
륒,0x8FF9
륓,0x8FFA
륔,0x8FFB
륕,0x8FFC
륖,0x8FFD
륗,0x8FFE
륚,0x9041
륛,0x9042
륝,0x9043
륞,0x9044
륟,0x9045
륡,0x9046
륢,0x9047
륣,0x9048
륤,0x9049
륥,0x904A
륦,0x904B
륧,0x904C
륪,0x904D
륬,0x904E
륮,0x904F
륯,0x9050
륰,0x9051
륱,0x9052
륲,0x9053
륳,0x9054
륶,0x9055
륷,0x9056
륹,0x9057
륺,0x9058
륻,0x9059
륽,0x905A
륾,0x9061
륿,0x9062
릀,0x9063
릁,0x9064
릂,0x9065
릃,0x9066
릆,0x9067
릈,0x9068
릋,0x9069
릌,0x906A
릏,0x906B
릐,0x906C
릑,0x906D
릒,0x906E
릓,0x906F
릔,0x9070
릕,0x9071
릖,0x9072
릗,0x9073
릘,0x9074
릙,0x9075
릚,0x9076
릛,0x9077
릜,0x9078
릝,0x9079
릞,0x907A
릟,0x9081
릠,0x9082
릡,0x9083
릢,0x9084
릣,0x9085
릤,0x9086
릥,0x9087
릦,0x9088
릧,0x9089
릨,0x908A
릩,0x908B
릪,0x908C
릫,0x908D
릮,0x908E
릯,0x908F
릱,0x9090
릲,0x9091
릳,0x9092
릵,0x9093
릶,0x9094
릷,0x9095
릸,0x9096
릹,0x9097
릺,0x9098
릻,0x9099
릾,0x909A
맀,0x909B
맂,0x909C
맃,0x909D
맄,0x909E
맅,0x909F
맆,0x90A0
맇,0x90A1
맊,0x90A2
맋,0x90A3
맍,0x90A4
맓,0x90A5
맔,0x90A6
맕,0x90A7
맖,0x90A8
맗,0x90A9
맚,0x90AA
맜,0x90AB
맟,0x90AC
맠,0x90AD
맢,0x90AE
맦,0x90AF
맧,0x90B0
맩,0x90B1
맪,0x90B2
맫,0x90B3
맭,0x90B4
맮,0x90B5
맯,0x90B6
맰,0x90B7
맱,0x90B8
맲,0x90B9
맳,0x90BA
맶,0x90BB
맻,0x90BC
맼,0x90BD
맽,0x90BE
맾,0x90BF
맿,0x90C0
먂,0x90C1
먃,0x90C2
먄,0x90C3
먅,0x90C4
먆,0x90C5
먇,0x90C6
먉,0x90C7
먊,0x90C8
먋,0x90C9
먌,0x90CA
먍,0x90CB
먎,0x90CC
먏,0x90CD
먐,0x90CE
먑,0x90CF
먒,0x90D0
먓,0x90D1
먔,0x90D2
먖,0x90D3
먗,0x90D4
먘,0x90D5
먙,0x90D6
먚,0x90D7
먛,0x90D8
먜,0x90D9
먝,0x90DA
먞,0x90DB
먟,0x90DC
먠,0x90DD
먡,0x90DE
먢,0x90DF
먣,0x90E0
먤,0x90E1
먥,0x90E2
먦,0x90E3
먧,0x90E4
먨,0x90E5
먩,0x90E6
먪,0x90E7
먫,0x90E8
먬,0x90E9
먭,0x90EA
먮,0x90EB
먯,0x90EC
먰,0x90ED
먱,0x90EE
먲,0x90EF
먳,0x90F0
먴,0x90F1
먵,0x90F2
먶,0x90F3
먷,0x90F4
먺,0x90F5
먻,0x90F6
먽,0x90F7
먾,0x90F8
먿,0x90F9
멁,0x90FA
멃,0x90FB
멄,0x90FC
멅,0x90FD
멆,0x90FE
멇,0x9141
멊,0x9142
멌,0x9143
멏,0x9144
멐,0x9145
멑,0x9146
멒,0x9147
멖,0x9148
멗,0x9149
멙,0x914A
멚,0x914B
멛,0x914C
멝,0x914D
멞,0x914E
멟,0x914F
멠,0x9150
멡,0x9151
멢,0x9152
멣,0x9153
멦,0x9154
멪,0x9155
멫,0x9156
멬,0x9157
멭,0x9158
멮,0x9159
멯,0x915A
멲,0x9161
멳,0x9162
멵,0x9163
멶,0x9164
멷,0x9165
멹,0x9166
멺,0x9167
멻,0x9168
멼,0x9169
멽,0x916A
멾,0x916B
멿,0x916C
몀,0x916D
몁,0x916E
몂,0x916F
몆,0x9170
몈,0x9171
몉,0x9172
몊,0x9173
몋,0x9174
몍,0x9175
몎,0x9176
몏,0x9177
몐,0x9178
몑,0x9179
몒,0x917A
몓,0x9181
몔,0x9182
몕,0x9183
몖,0x9184
몗,0x9185
몘,0x9186
몙,0x9187
몚,0x9188
몛,0x9189
몜,0x918A
몝,0x918B
몞,0x918C
몟,0x918D
몠,0x918E
몡,0x918F
몢,0x9190
몣,0x9191
몤,0x9192
몥,0x9193
몦,0x9194
몧,0x9195
몪,0x9196
몭,0x9197
몮,0x9198
몯,0x9199
몱,0x919A
몳,0x919B
몴,0x919C
몵,0x919D
몶,0x919E
몷,0x919F
몺,0x91A0
몼,0x91A1
몾,0x91A2
몿,0x91A3
뫀,0x91A4
뫁,0x91A5
뫂,0x91A6
뫃,0x91A7
뫅,0x91A8
뫆,0x91A9
뫇,0x91AA
뫉,0x91AB
뫊,0x91AC
뫋,0x91AD
뫌,0x91AE
뫍,0x91AF
뫎,0x91B0
뫏,0x91B1
뫐,0x91B2
뫑,0x91B3
뫒,0x91B4
뫓,0x91B5
뫔,0x91B6
뫕,0x91B7
뫖,0x91B8
뫗,0x91B9
뫚,0x91BA
뫛,0x91BB
뫜,0x91BC
뫝,0x91BD
뫞,0x91BE
뫟,0x91BF
뫠,0x91C0
뫡,0x91C1
뫢,0x91C2
뫣,0x91C3
뫤,0x91C4
뫥,0x91C5
뫦,0x91C6
뫧,0x91C7
뫨,0x91C8
뫩,0x91C9
뫪,0x91CA
뫫,0x91CB
뫬,0x91CC
뫭,0x91CD
뫮,0x91CE
뫯,0x91CF
뫰,0x91D0
뫱,0x91D1
뫲,0x91D2
뫳,0x91D3
뫴,0x91D4
뫵,0x91D5
뫶,0x91D6
뫷,0x91D7
뫸,0x91D8
뫹,0x91D9
뫺,0x91DA
뫻,0x91DB
뫽,0x91DC
뫾,0x91DD
뫿,0x91DE
묁,0x91DF
묂,0x91E0
묃,0x91E1
묅,0x91E2
묆,0x91E3
묇,0x91E4
묈,0x91E5
묉,0x91E6
묊,0x91E7
묋,0x91E8
묌,0x91E9
묎,0x91EA
묐,0x91EB
묒,0x91EC
묓,0x91ED
묔,0x91EE
묕,0x91EF
묖,0x91F0
묗,0x91F1
묙,0x91F2
묚,0x91F3
묛,0x91F4
묝,0x91F5
묞,0x91F6
묟,0x91F7
묡,0x91F8
묢,0x91F9
묣,0x91FA
묤,0x91FB
묥,0x91FC
묦,0x91FD
묧,0x91FE
묨,0x9241
묪,0x9242
묬,0x9243
묭,0x9244
묮,0x9245
묯,0x9246
묰,0x9247
묱,0x9248
묲,0x9249
묳,0x924A
묷,0x924B
묹,0x924C
묺,0x924D
묿,0x924E
뭀,0x924F
뭁,0x9250
뭂,0x9251
뭃,0x9252
뭆,0x9253
뭈,0x9254
뭊,0x9255
뭋,0x9256
뭌,0x9257
뭎,0x9258
뭑,0x9259
뭒,0x925A
뭓,0x9261
뭕,0x9262
뭖,0x9263
뭗,0x9264
뭙,0x9265
뭚,0x9266
뭛,0x9267
뭜,0x9268
뭝,0x9269
뭞,0x926A
뭟,0x926B
뭠,0x926C
뭢,0x926D
뭤,0x926E
뭥,0x926F
뭦,0x9270
뭧,0x9271
뭨,0x9272
뭩,0x9273
뭪,0x9274
뭫,0x9275
뭭,0x9276
뭮,0x9277
뭯,0x9278
뭰,0x9279
뭱,0x927A
뭲,0x9281
뭳,0x9282
뭴,0x9283
뭵,0x9284
뭶,0x9285
뭷,0x9286
뭸,0x9287
뭹,0x9288
뭺,0x9289
뭻,0x928A
뭼,0x928B
뭽,0x928C
뭾,0x928D
뭿,0x928E
뮀,0x928F
뮁,0x9290
뮂,0x9291
뮃,0x9292
뮄,0x9293
뮅,0x9294
뮆,0x9295
뮇,0x9296
뮉,0x9297
뮊,0x9298
뮋,0x9299
뮍,0x929A
뮎,0x929B
뮏,0x929C
뮑,0x929D
뮒,0x929E
뮓,0x929F
뮔,0x92A0
뮕,0x92A1
뮖,0x92A2
뮗,0x92A3
뮘,0x92A4
뮙,0x92A5
뮚,0x92A6
뮛,0x92A7
뮜,0x92A8
뮝,0x92A9
뮞,0x92AA
뮟,0x92AB
뮠,0x92AC
뮡,0x92AD
뮢,0x92AE
뮣,0x92AF
뮥,0x92B0
뮦,0x92B1
뮧,0x92B2
뮩,0x92B3
뮪,0x92B4
뮫,0x92B5
뮭,0x92B6
뮮,0x92B7
뮯,0x92B8
뮰,0x92B9
뮱,0x92BA
뮲,0x92BB
뮳,0x92BC
뮵,0x92BD
뮶,0x92BE
뮸,0x92BF
뮹,0x92C0
뮺,0x92C1
뮻,0x92C2
뮼,0x92C3
뮽,0x92C4
뮾,0x92C5
뮿,0x92C6
믁,0x92C7
믂,0x92C8
믃,0x92C9
믅,0x92CA
믆,0x92CB
믇,0x92CC
믉,0x92CD
믊,0x92CE
믋,0x92CF
믌,0x92D0
믍,0x92D1
믎,0x92D2
믏,0x92D3
믑,0x92D4
믒,0x92D5
믔,0x92D6
믕,0x92D7
믖,0x92D8
믗,0x92D9
믘,0x92DA
믙,0x92DB
믚,0x92DC
믛,0x92DD
믜,0x92DE
믝,0x92DF
믞,0x92E0
믟,0x92E1
믠,0x92E2
믡,0x92E3
믢,0x92E4
믣,0x92E5
믤,0x92E6
믥,0x92E7
믦,0x92E8
믧,0x92E9
믨,0x92EA
믩,0x92EB
믪,0x92EC
믫,0x92ED
믬,0x92EE
믭,0x92EF
믮,0x92F0
믯,0x92F1
믰,0x92F2
믱,0x92F3
믲,0x92F4
믳,0x92F5
믴,0x92F6
믵,0x92F7
믶,0x92F8
믷,0x92F9
믺,0x92FA
믻,0x92FB
믽,0x92FC
믾,0x92FD
밁,0x92FE
밃,0x9341
밄,0x9342
밅,0x9343
밆,0x9344
밇,0x9345
밊,0x9346
밎,0x9347
밐,0x9348
밒,0x9349
밓,0x934A
밙,0x934B
밚,0x934C
밠,0x934D
밡,0x934E
밢,0x934F
밣,0x9350
밦,0x9351
밨,0x9352
밪,0x9353
밫,0x9354
밬,0x9355
밮,0x9356
밯,0x9357
밲,0x9358
밳,0x9359
밵,0x935A
밶,0x9361
밷,0x9362
밹,0x9363
밺,0x9364
밻,0x9365
밼,0x9366
밽,0x9367
밾,0x9368
밿,0x9369
뱂,0x936A
뱆,0x936B
뱇,0x936C
뱈,0x936D
뱊,0x936E
뱋,0x936F
뱎,0x9370
뱏,0x9371
뱑,0x9372
뱒,0x9373
뱓,0x9374
뱔,0x9375
뱕,0x9376
뱖,0x9377
뱗,0x9378
뱘,0x9379
뱙,0x937A
뱚,0x9381
뱛,0x9382
뱜,0x9383
뱞,0x9384
뱟,0x9385
뱠,0x9386
뱡,0x9387
뱢,0x9388
뱣,0x9389
뱤,0x938A
뱥,0x938B
뱦,0x938C
뱧,0x938D
뱨,0x938E
뱩,0x938F
뱪,0x9390
뱫,0x9391
뱬,0x9392
뱭,0x9393
뱮,0x9394
뱯,0x9395
뱰,0x9396
뱱,0x9397
뱲,0x9398
뱳,0x9399
뱴,0x939A
뱵,0x939B
뱶,0x939C
뱷,0x939D
뱸,0x939E
뱹,0x939F
뱺,0x93A0
뱻,0x93A1
뱼,0x93A2
뱽,0x93A3
뱾,0x93A4
뱿,0x93A5
벀,0x93A6
벁,0x93A7
벂,0x93A8
벃,0x93A9
벆,0x93AA
벇,0x93AB
벉,0x93AC
벊,0x93AD
벍,0x93AE
벏,0x93AF
벐,0x93B0
벑,0x93B1
벒,0x93B2
벓,0x93B3
벖,0x93B4
벘,0x93B5
벛,0x93B6
벜,0x93B7
벝,0x93B8
벞,0x93B9
벟,0x93BA
벢,0x93BB
벣,0x93BC
벥,0x93BD
벦,0x93BE
벩,0x93BF
벪,0x93C0
벫,0x93C1
벬,0x93C2
벭,0x93C3
벮,0x93C4
벯,0x93C5
벲,0x93C6
벶,0x93C7
벷,0x93C8
벸,0x93C9
벹,0x93CA
벺,0x93CB
벻,0x93CC
벾,0x93CD
벿,0x93CE
볁,0x93CF
볂,0x93D0
볃,0x93D1
볅,0x93D2
볆,0x93D3
볇,0x93D4
볈,0x93D5
볉,0x93D6
볊,0x93D7
볋,0x93D8
볌,0x93D9
볎,0x93DA
볒,0x93DB
볓,0x93DC
볔,0x93DD
볖,0x93DE
볗,0x93DF
볙,0x93E0
볚,0x93E1
볛,0x93E2
볝,0x93E3
볞,0x93E4
볟,0x93E5
볠,0x93E6
볡,0x93E7
볢,0x93E8
볣,0x93E9
볤,0x93EA
볥,0x93EB
볦,0x93EC
볧,0x93ED
볨,0x93EE
볩,0x93EF
볪,0x93F0
볫,0x93F1
볬,0x93F2
볭,0x93F3
볮,0x93F4
볯,0x93F5
볰,0x93F6
볱,0x93F7
볲,0x93F8
볳,0x93F9
볷,0x93FA
볹,0x93FB
볺,0x93FC
볻,0x93FD
볽,0x93FE
볾,0x9441
볿,0x9442
봀,0x9443
봁,0x9444
봂,0x9445
봃,0x9446
봆,0x9447
봈,0x9448
봊,0x9449
봋,0x944A
봌,0x944B
봍,0x944C
봎,0x944D
봏,0x944E
봑,0x944F
봒,0x9450
봓,0x9451
봕,0x9452
봖,0x9453
봗,0x9454
봘,0x9455
봙,0x9456
봚,0x9457
봛,0x9458
봜,0x9459
봝,0x945A
봞,0x9461
봟,0x9462
봠,0x9463
봡,0x9464
봢,0x9465
봣,0x9466
봥,0x9467
봦,0x9468
봧,0x9469
봨,0x946A
봩,0x946B
봪,0x946C
봫,0x946D
봭,0x946E
봮,0x946F
봯,0x9470
봰,0x9471
봱,0x9472
봲,0x9473
봳,0x9474
봴,0x9475
봵,0x9476
봶,0x9477
봷,0x9478
봸,0x9479
봹,0x947A
봺,0x9481
봻,0x9482
봼,0x9483
봽,0x9484
봾,0x9485
봿,0x9486
뵁,0x9487
뵂,0x9488
뵃,0x9489
뵄,0x948A
뵅,0x948B
뵆,0x948C
뵇,0x948D
뵊,0x948E
뵋,0x948F
뵍,0x9490
뵎,0x9491
뵏,0x9492
뵑,0x9493
뵒,0x9494
뵓,0x9495
뵔,0x9496
뵕,0x9497
뵖,0x9498
뵗,0x9499
뵚,0x949A
뵛,0x949B
뵜,0x949C
뵝,0x949D
뵞,0x949E
뵟,0x949F
뵠,0x94A0
뵡,0x94A1
뵢,0x94A2
뵣,0x94A3
뵥,0x94A4
뵦,0x94A5
뵧,0x94A6
뵩,0x94A7
뵪,0x94A8
뵫,0x94A9
뵬,0x94AA
뵭,0x94AB
뵮,0x94AC
뵯,0x94AD
뵰,0x94AE
뵱,0x94AF
뵲,0x94B0
뵳,0x94B1
뵴,0x94B2
뵵,0x94B3
뵶,0x94B4
뵷,0x94B5
뵸,0x94B6
뵹,0x94B7
뵺,0x94B8
뵻,0x94B9
뵼,0x94BA
뵽,0x94BB
뵾,0x94BC
뵿,0x94BD
붂,0x94BE
붃,0x94BF
붅,0x94C0
붆,0x94C1
붋,0x94C2
붌,0x94C3
붍,0x94C4
붎,0x94C5
붏,0x94C6
붒,0x94C7
붔,0x94C8
붖,0x94C9
붗,0x94CA
붘,0x94CB
붛,0x94CC
붝,0x94CD
붞,0x94CE
붟,0x94CF
붠,0x94D0
붡,0x94D1
붢,0x94D2
붣,0x94D3
붥,0x94D4
붦,0x94D5
붧,0x94D6
붨,0x94D7
붩,0x94D8
붪,0x94D9
붫,0x94DA
붬,0x94DB
붭,0x94DC
붮,0x94DD
붯,0x94DE
붱,0x94DF
붲,0x94E0
붳,0x94E1
붴,0x94E2
붵,0x94E3
붶,0x94E4
붷,0x94E5
붹,0x94E6
붺,0x94E7
붻,0x94E8
붼,0x94E9
붽,0x94EA
붾,0x94EB
붿,0x94EC
뷀,0x94ED
뷁,0x94EE
뷂,0x94EF
뷃,0x94F0
뷄,0x94F1
뷅,0x94F2
뷆,0x94F3
뷇,0x94F4
뷈,0x94F5
뷉,0x94F6
뷊,0x94F7
뷋,0x94F8
뷌,0x94F9
뷍,0x94FA
뷎,0x94FB
뷏,0x94FC
뷐,0x94FD
뷑,0x94FE
뷒,0x9541
뷓,0x9542
뷖,0x9543
뷗,0x9544
뷙,0x9545
뷚,0x9546
뷛,0x9547
뷝,0x9548
뷞,0x9549
뷟,0x954A
뷠,0x954B
뷡,0x954C
뷢,0x954D
뷣,0x954E
뷤,0x954F
뷥,0x9550
뷦,0x9551
뷧,0x9552
뷨,0x9553
뷪,0x9554
뷫,0x9555
뷬,0x9556
뷭,0x9557
뷮,0x9558
뷯,0x9559
뷱,0x955A
뷲,0x9561
뷳,0x9562
뷵,0x9563
뷶,0x9564
뷷,0x9565
뷹,0x9566
뷺,0x9567
뷻,0x9568
뷼,0x9569
뷽,0x956A
뷾,0x956B
뷿,0x956C
븁,0x956D
븂,0x956E
븄,0x956F
븆,0x9570
븇,0x9571
븈,0x9572
븉,0x9573
븊,0x9574
븋,0x9575
븎,0x9576
븏,0x9577
븑,0x9578
븒,0x9579
븓,0x957A
븕,0x9581
븖,0x9582
븗,0x9583
븘,0x9584
븙,0x9585
븚,0x9586
븛,0x9587
븞,0x9588
븠,0x9589
븡,0x958A
븢,0x958B
븣,0x958C
븤,0x958D
븥,0x958E
븦,0x958F
븧,0x9590
븨,0x9591
븩,0x9592
븪,0x9593
븫,0x9594
븬,0x9595
븭,0x9596
븮,0x9597
븯,0x9598
븰,0x9599
븱,0x959A
븲,0x959B
븳,0x959C
븴,0x959D
븵,0x959E
븶,0x959F
븷,0x95A0
븸,0x95A1
븹,0x95A2
븺,0x95A3
븻,0x95A4
븼,0x95A5
븽,0x95A6
븾,0x95A7
븿,0x95A8
빀,0x95A9
빁,0x95AA
빂,0x95AB
빃,0x95AC
빆,0x95AD
빇,0x95AE
빉,0x95AF
빊,0x95B0
빋,0x95B1
빍,0x95B2
빏,0x95B3
빐,0x95B4
빑,0x95B5
빒,0x95B6
빓,0x95B7
빖,0x95B8
빘,0x95B9
빜,0x95BA
빝,0x95BB
빞,0x95BC
빟,0x95BD
빢,0x95BE
빣,0x95BF
빥,0x95C0
빦,0x95C1
빧,0x95C2
빩,0x95C3
빫,0x95C4
빬,0x95C5
빭,0x95C6
빮,0x95C7
빯,0x95C8
빲,0x95C9
빶,0x95CA
빷,0x95CB
빸,0x95CC
빹,0x95CD
빺,0x95CE
빾,0x95CF
빿,0x95D0
뺁,0x95D1
뺂,0x95D2
뺃,0x95D3
뺅,0x95D4
뺆,0x95D5
뺇,0x95D6
뺈,0x95D7
뺉,0x95D8
뺊,0x95D9
뺋,0x95DA
뺎,0x95DB
뺒,0x95DC
뺓,0x95DD
뺔,0x95DE
뺕,0x95DF
뺖,0x95E0
뺗,0x95E1
뺚,0x95E2
뺛,0x95E3
뺜,0x95E4
뺝,0x95E5
뺞,0x95E6
뺟,0x95E7
뺠,0x95E8
뺡,0x95E9
뺢,0x95EA
뺣,0x95EB
뺤,0x95EC
뺥,0x95ED
뺦,0x95EE
뺧,0x95EF
뺩,0x95F0
뺪,0x95F1
뺫,0x95F2
뺬,0x95F3
뺭,0x95F4
뺮,0x95F5
뺯,0x95F6
뺰,0x95F7
뺱,0x95F8
뺲,0x95F9
뺳,0x95FA
뺴,0x95FB
뺵,0x95FC
뺶,0x95FD
뺷,0x95FE
뺸,0x9641
뺹,0x9642
뺺,0x9643
뺻,0x9644
뺼,0x9645
뺽,0x9646
뺾,0x9647
뺿,0x9648
뻀,0x9649
뻁,0x964A
뻂,0x964B
뻃,0x964C
뻄,0x964D
뻅,0x964E
뻆,0x964F
뻇,0x9650
뻈,0x9651
뻉,0x9652
뻊,0x9653
뻋,0x9654
뻌,0x9655
뻍,0x9656
뻎,0x9657
뻏,0x9658
뻒,0x9659
뻓,0x965A
뻕,0x9661
뻖,0x9662
뻙,0x9663
뻚,0x9664
뻛,0x9665
뻜,0x9666
뻝,0x9667
뻞,0x9668
뻟,0x9669
뻡,0x966A
뻢,0x966B
뻦,0x966C
뻧,0x966D
뻨,0x966E
뻩,0x966F
뻪,0x9670
뻫,0x9671
뻭,0x9672
뻮,0x9673
뻯,0x9674
뻰,0x9675
뻱,0x9676
뻲,0x9677
뻳,0x9678
뻴,0x9679
뻵,0x967A
뻶,0x9681
뻷,0x9682
뻸,0x9683
뻹,0x9684
뻺,0x9685
뻻,0x9686
뻼,0x9687
뻽,0x9688
뻾,0x9689
뻿,0x968A
뼀,0x968B
뼂,0x968C
뼃,0x968D
뼄,0x968E
뼅,0x968F
뼆,0x9690
뼇,0x9691
뼊,0x9692
뼋,0x9693
뼌,0x9694
뼍,0x9695
뼎,0x9696
뼏,0x9697
뼐,0x9698
뼑,0x9699
뼒,0x969A
뼓,0x969B
뼔,0x969C
뼕,0x969D
뼖,0x969E
뼗,0x969F
뼚,0x96A0
뼞,0x96A1
뼟,0x96A2
뼠,0x96A3
뼡,0x96A4
뼢,0x96A5
뼣,0x96A6
뼤,0x96A7
뼥,0x96A8
뼦,0x96A9
뼧,0x96AA
뼨,0x96AB
뼩,0x96AC
뼪,0x96AD
뼫,0x96AE
뼬,0x96AF
뼭,0x96B0
뼮,0x96B1
뼯,0x96B2
뼰,0x96B3
뼱,0x96B4
뼲,0x96B5
뼳,0x96B6
뼴,0x96B7
뼵,0x96B8
뼶,0x96B9
뼷,0x96BA
뼸,0x96BB
뼹,0x96BC
뼺,0x96BD
뼻,0x96BE
뼼,0x96BF
뼽,0x96C0
뼾,0x96C1
뼿,0x96C2
뽂,0x96C3
뽃,0x96C4
뽅,0x96C5
뽆,0x96C6
뽇,0x96C7
뽉,0x96C8
뽊,0x96C9
뽋,0x96CA
뽌,0x96CB
뽍,0x96CC
뽎,0x96CD
뽏,0x96CE
뽒,0x96CF
뽓,0x96D0
뽔,0x96D1
뽖,0x96D2
뽗,0x96D3
뽘,0x96D4
뽙,0x96D5
뽚,0x96D6
뽛,0x96D7
뽜,0x96D8
뽝,0x96D9
뽞,0x96DA
뽟,0x96DB
뽠,0x96DC
뽡,0x96DD
뽢,0x96DE
뽣,0x96DF
뽤,0x96E0
뽥,0x96E1
뽦,0x96E2
뽧,0x96E3
뽨,0x96E4
뽩,0x96E5
뽪,0x96E6
뽫,0x96E7
뽬,0x96E8
뽭,0x96E9
뽮,0x96EA
뽯,0x96EB
뽰,0x96EC
뽱,0x96ED
뽲,0x96EE
뽳,0x96EF
뽴,0x96F0
뽵,0x96F1
뽶,0x96F2
뽷,0x96F3
뽸,0x96F4
뽹,0x96F5
뽺,0x96F6
뽻,0x96F7
뽼,0x96F8
뽽,0x96F9
뽾,0x96FA
뽿,0x96FB
뾀,0x96FC
뾁,0x96FD
뾂,0x96FE
뾃,0x9741
뾄,0x9742
뾅,0x9743
뾆,0x9744
뾇,0x9745
뾈,0x9746
뾉,0x9747
뾊,0x9748
뾋,0x9749
뾌,0x974A
뾍,0x974B
뾎,0x974C
뾏,0x974D
뾐,0x974E
뾑,0x974F
뾒,0x9750
뾓,0x9751
뾕,0x9752
뾖,0x9753
뾗,0x9754
뾘,0x9755
뾙,0x9756
뾚,0x9757
뾛,0x9758
뾜,0x9759
뾝,0x975A
뾞,0x9761
뾟,0x9762
뾠,0x9763
뾡,0x9764
뾢,0x9765
뾣,0x9766
뾤,0x9767
뾥,0x9768
뾦,0x9769
뾧,0x976A
뾨,0x976B
뾩,0x976C
뾪,0x976D
뾫,0x976E
뾬,0x976F
뾭,0x9770
뾮,0x9771
뾯,0x9772
뾱,0x9773
뾲,0x9774
뾳,0x9775
뾴,0x9776
뾵,0x9777
뾶,0x9778
뾷,0x9779
뾸,0x977A
뾹,0x9781
뾺,0x9782
뾻,0x9783
뾼,0x9784
뾽,0x9785
뾾,0x9786
뾿,0x9787
뿀,0x9788
뿁,0x9789
뿂,0x978A
뿃,0x978B
뿄,0x978C
뿆,0x978D
뿇,0x978E
뿈,0x978F
뿉,0x9790
뿊,0x9791
뿋,0x9792
뿎,0x9793
뿏,0x9794
뿑,0x9795
뿒,0x9796
뿓,0x9797
뿕,0x9798
뿖,0x9799
뿗,0x979A
뿘,0x979B
뿙,0x979C
뿚,0x979D
뿛,0x979E
뿝,0x979F
뿞,0x97A0
뿠,0x97A1
뿢,0x97A2
뿣,0x97A3
뿤,0x97A4
뿥,0x97A5
뿦,0x97A6
뿧,0x97A7
뿨,0x97A8
뿩,0x97A9
뿪,0x97AA
뿫,0x97AB
뿬,0x97AC
뿭,0x97AD
뿮,0x97AE
뿯,0x97AF
뿰,0x97B0
뿱,0x97B1
뿲,0x97B2
뿳,0x97B3
뿴,0x97B4
뿵,0x97B5
뿶,0x97B6
뿷,0x97B7
뿸,0x97B8
뿹,0x97B9
뿺,0x97BA
뿻,0x97BB
뿼,0x97BC
뿽,0x97BD
뿾,0x97BE
뿿,0x97BF
쀀,0x97C0
쀁,0x97C1
쀂,0x97C2
쀃,0x97C3
쀄,0x97C4
쀅,0x97C5
쀆,0x97C6
쀇,0x97C7
쀈,0x97C8
쀉,0x97C9
쀊,0x97CA
쀋,0x97CB
쀌,0x97CC
쀍,0x97CD
쀎,0x97CE
쀏,0x97CF
쀐,0x97D0
쀑,0x97D1
쀒,0x97D2
쀓,0x97D3
쀔,0x97D4
쀕,0x97D5
쀖,0x97D6
쀗,0x97D7
쀘,0x97D8
쀙,0x97D9
쀚,0x97DA
쀛,0x97DB
쀜,0x97DC
쀝,0x97DD
쀞,0x97DE
쀟,0x97DF
쀠,0x97E0
쀡,0x97E1
쀢,0x97E2
쀣,0x97E3
쀤,0x97E4
쀥,0x97E5
쀦,0x97E6
쀧,0x97E7
쀨,0x97E8
쀩,0x97E9
쀪,0x97EA
쀫,0x97EB
쀬,0x97EC
쀭,0x97ED
쀮,0x97EE
쀯,0x97EF
쀰,0x97F0
쀱,0x97F1
쀲,0x97F2
쀳,0x97F3
쀴,0x97F4
쀵,0x97F5
쀶,0x97F6
쀷,0x97F7
쀸,0x97F8
쀹,0x97F9
쀺,0x97FA
쀻,0x97FB
쀽,0x97FC
쀾,0x97FD
쀿,0x97FE
쁀,0x9841
쁁,0x9842
쁂,0x9843
쁃,0x9844
쁄,0x9845
쁅,0x9846
쁆,0x9847
쁇,0x9848
쁈,0x9849
쁉,0x984A
쁊,0x984B
쁋,0x984C
쁌,0x984D
쁍,0x984E
쁎,0x984F
쁏,0x9850
쁐,0x9851
쁒,0x9852
쁓,0x9853
쁔,0x9854
쁕,0x9855
쁖,0x9856
쁗,0x9857
쁙,0x9858
쁚,0x9859
쁛,0x985A
쁝,0x9861
쁞,0x9862
쁟,0x9863
쁡,0x9864
쁢,0x9865
쁣,0x9866
쁤,0x9867
쁥,0x9868
쁦,0x9869
쁧,0x986A
쁪,0x986B
쁫,0x986C
쁬,0x986D
쁭,0x986E
쁮,0x986F
쁯,0x9870
쁰,0x9871
쁱,0x9872
쁲,0x9873
쁳,0x9874
쁴,0x9875
쁵,0x9876
쁶,0x9877
쁷,0x9878
쁸,0x9879
쁹,0x987A
쁺,0x9881
쁻,0x9882
쁼,0x9883
쁽,0x9884
쁾,0x9885
쁿,0x9886
삀,0x9887
삁,0x9888
삂,0x9889
삃,0x988A
삄,0x988B
삅,0x988C
삆,0x988D
삇,0x988E
삈,0x988F
삉,0x9890
삊,0x9891
삋,0x9892
삌,0x9893
삍,0x9894
삎,0x9895
삏,0x9896
삒,0x9897
삓,0x9898
삕,0x9899
삖,0x989A
삗,0x989B
삙,0x989C
삚,0x989D
삛,0x989E
삜,0x989F
삝,0x98A0
삞,0x98A1
삟,0x98A2
삢,0x98A3
삤,0x98A4
삦,0x98A5
삧,0x98A6
삨,0x98A7
삩,0x98A8
삪,0x98A9
삫,0x98AA
삮,0x98AB
삱,0x98AC
삲,0x98AD
삷,0x98AE
삸,0x98AF
삹,0x98B0
삺,0x98B1
삻,0x98B2
삾,0x98B3
샂,0x98B4
샃,0x98B5
샄,0x98B6
샆,0x98B7
샇,0x98B8
샊,0x98B9
샋,0x98BA
샍,0x98BB
샎,0x98BC
샏,0x98BD
샑,0x98BE
샒,0x98BF
샓,0x98C0
샔,0x98C1
샕,0x98C2
샖,0x98C3
샗,0x98C4
샚,0x98C5
샞,0x98C6
샟,0x98C7
샠,0x98C8
샡,0x98C9
샢,0x98CA
샣,0x98CB
샦,0x98CC
샧,0x98CD
샩,0x98CE
샪,0x98CF
샫,0x98D0
샭,0x98D1
샮,0x98D2
샯,0x98D3
샰,0x98D4
샱,0x98D5
샲,0x98D6
샳,0x98D7
샶,0x98D8
샸,0x98D9
샺,0x98DA
샻,0x98DB
샼,0x98DC
샽,0x98DD
샾,0x98DE
샿,0x98DF
섁,0x98E0
섂,0x98E1
섃,0x98E2
섅,0x98E3
섆,0x98E4
섇,0x98E5
섉,0x98E6
섊,0x98E7
섋,0x98E8
섌,0x98E9
섍,0x98EA
섎,0x98EB
섏,0x98EC
섑,0x98ED
섒,0x98EE
섓,0x98EF
섔,0x98F0
섖,0x98F1
섗,0x98F2
섘,0x98F3
섙,0x98F4
섚,0x98F5
섛,0x98F6
섡,0x98F7
섢,0x98F8
섥,0x98F9
섨,0x98FA
섩,0x98FB
섪,0x98FC
섫,0x98FD
섮,0x98FE
섲,0x9941
섳,0x9942
섴,0x9943
섵,0x9944
섷,0x9945
섺,0x9946
섻,0x9947
섽,0x9948
섾,0x9949
섿,0x994A
셁,0x994B
셂,0x994C
셃,0x994D
셄,0x994E
셅,0x994F
셆,0x9950
셇,0x9951
셊,0x9952
셎,0x9953
셏,0x9954
셐,0x9955
셑,0x9956
셒,0x9957
셓,0x9958
셖,0x9959
셗,0x995A
셙,0x9961
셚,0x9962
셛,0x9963
셝,0x9964
셞,0x9965
셟,0x9966
셠,0x9967
셡,0x9968
셢,0x9969
셣,0x996A
셦,0x996B
셪,0x996C
셫,0x996D
셬,0x996E
셭,0x996F
셮,0x9970
셯,0x9971
셱,0x9972
셲,0x9973
셳,0x9974
셵,0x9975
셶,0x9976
셷,0x9977
셹,0x9978
셺,0x9979
셻,0x997A
셼,0x9981
셽,0x9982
셾,0x9983
셿,0x9984
솀,0x9985
솁,0x9986
솂,0x9987
솃,0x9988
솄,0x9989
솆,0x998A
솇,0x998B
솈,0x998C
솉,0x998D
솊,0x998E
솋,0x998F
솏,0x9990
솑,0x9991
솒,0x9992
솓,0x9993
솕,0x9994
솗,0x9995
솘,0x9996
솙,0x9997
솚,0x9998
솛,0x9999
솞,0x999A
솠,0x999B
솢,0x999C
솣,0x999D
솤,0x999E
솦,0x999F
솧,0x99A0
솪,0x99A1
솫,0x99A2
솭,0x99A3
솮,0x99A4
솯,0x99A5
솱,0x99A6
솲,0x99A7
솳,0x99A8
솴,0x99A9
솵,0x99AA
솶,0x99AB
솷,0x99AC
솸,0x99AD
솹,0x99AE
솺,0x99AF
솻,0x99B0
솼,0x99B1
솾,0x99B2
솿,0x99B3
쇀,0x99B4
쇁,0x99B5
쇂,0x99B6
쇃,0x99B7
쇅,0x99B8
쇆,0x99B9
쇇,0x99BA
쇉,0x99BB
쇊,0x99BC
쇋,0x99BD
쇍,0x99BE
쇎,0x99BF
쇏,0x99C0
쇐,0x99C1
쇑,0x99C2
쇒,0x99C3
쇓,0x99C4
쇕,0x99C5
쇖,0x99C6
쇙,0x99C7
쇚,0x99C8
쇛,0x99C9
쇜,0x99CA
쇝,0x99CB
쇞,0x99CC
쇟,0x99CD
쇡,0x99CE
쇢,0x99CF
쇣,0x99D0
쇥,0x99D1
쇦,0x99D2
쇧,0x99D3
쇩,0x99D4
쇪,0x99D5
쇫,0x99D6
쇬,0x99D7
쇭,0x99D8
쇮,0x99D9
쇯,0x99DA
쇲,0x99DB
쇴,0x99DC
쇵,0x99DD
쇶,0x99DE
쇷,0x99DF
쇸,0x99E0
쇹,0x99E1
쇺,0x99E2
쇻,0x99E3
쇾,0x99E4
쇿,0x99E5
숁,0x99E6
숂,0x99E7
숃,0x99E8
숅,0x99E9
숆,0x99EA
숇,0x99EB
숈,0x99EC
숉,0x99ED
숊,0x99EE
숋,0x99EF
숎,0x99F0
숐,0x99F1
숒,0x99F2
숓,0x99F3
숔,0x99F4
숕,0x99F5
숖,0x99F6
숗,0x99F7
숚,0x99F8
숛,0x99F9
숝,0x99FA
숞,0x99FB
숡,0x99FC
숢,0x99FD
숣,0x99FE
숤,0x9A41
숥,0x9A42
숦,0x9A43
숧,0x9A44
숪,0x9A45
숬,0x9A46
숮,0x9A47
숰,0x9A48
숳,0x9A49
숵,0x9A4A
숶,0x9A4B
숷,0x9A4C
숸,0x9A4D
숹,0x9A4E
숺,0x9A4F
숻,0x9A50
숼,0x9A51
숽,0x9A52
숾,0x9A53
숿,0x9A54
쉀,0x9A55
쉁,0x9A56
쉂,0x9A57
쉃,0x9A58
쉄,0x9A59
쉅,0x9A5A
쉆,0x9A61
쉇,0x9A62
쉉,0x9A63
쉊,0x9A64
쉋,0x9A65
쉌,0x9A66
쉍,0x9A67
쉎,0x9A68
쉏,0x9A69
쉒,0x9A6A
쉓,0x9A6B
쉕,0x9A6C
쉖,0x9A6D
쉗,0x9A6E
쉙,0x9A6F
쉚,0x9A70
쉛,0x9A71
쉜,0x9A72
쉝,0x9A73
쉞,0x9A74
쉟,0x9A75
쉡,0x9A76
쉢,0x9A77
쉣,0x9A78
쉤,0x9A79
쉦,0x9A7A
쉧,0x9A81
쉨,0x9A82
쉩,0x9A83
쉪,0x9A84
쉫,0x9A85
쉮,0x9A86
쉯,0x9A87
쉱,0x9A88
쉲,0x9A89
쉳,0x9A8A
쉵,0x9A8B
쉶,0x9A8C
쉷,0x9A8D
쉸,0x9A8E
쉹,0x9A8F
쉺,0x9A90
쉻,0x9A91
쉾,0x9A92
슀,0x9A93
슂,0x9A94
슃,0x9A95
슄,0x9A96
슅,0x9A97
슆,0x9A98
슇,0x9A99
슊,0x9A9A
슋,0x9A9B
슌,0x9A9C
슍,0x9A9D
슎,0x9A9E
슏,0x9A9F
슑,0x9AA0
슒,0x9AA1
슓,0x9AA2
슔,0x9AA3
슕,0x9AA4
슖,0x9AA5
슗,0x9AA6
슙,0x9AA7
슚,0x9AA8
슜,0x9AA9
슞,0x9AAA
슟,0x9AAB
슠,0x9AAC
슡,0x9AAD
슢,0x9AAE
슣,0x9AAF
슦,0x9AB0
슧,0x9AB1
슩,0x9AB2
슪,0x9AB3
슫,0x9AB4
슮,0x9AB5
슯,0x9AB6
슰,0x9AB7
슱,0x9AB8
슲,0x9AB9
슳,0x9ABA
슶,0x9ABB
슸,0x9ABC
슺,0x9ABD
슻,0x9ABE
슼,0x9ABF
슽,0x9AC0
슾,0x9AC1
슿,0x9AC2
싀,0x9AC3
싁,0x9AC4
싂,0x9AC5
싃,0x9AC6
싄,0x9AC7
싅,0x9AC8
싆,0x9AC9
싇,0x9ACA
싈,0x9ACB
싉,0x9ACC
싊,0x9ACD
싋,0x9ACE
싌,0x9ACF
싍,0x9AD0
싎,0x9AD1
싏,0x9AD2
싐,0x9AD3
싑,0x9AD4
싒,0x9AD5
싓,0x9AD6
싔,0x9AD7
싕,0x9AD8
싖,0x9AD9
싗,0x9ADA
싘,0x9ADB
싙,0x9ADC
싚,0x9ADD
싛,0x9ADE
싞,0x9ADF
싟,0x9AE0
싡,0x9AE1
싢,0x9AE2
싥,0x9AE3
싦,0x9AE4
싧,0x9AE5
싨,0x9AE6
싩,0x9AE7
싪,0x9AE8
싮,0x9AE9
싰,0x9AEA
싲,0x9AEB
싳,0x9AEC
싴,0x9AED
싵,0x9AEE
싷,0x9AEF
싺,0x9AF0
싽,0x9AF1
싾,0x9AF2
싿,0x9AF3
쌁,0x9AF4
쌂,0x9AF5
쌃,0x9AF6
쌄,0x9AF7
쌅,0x9AF8
쌆,0x9AF9
쌇,0x9AFA
쌊,0x9AFB
쌋,0x9AFC
쌎,0x9AFD
쌏,0x9AFE
쌐,0x9B41
쌑,0x9B42
쌒,0x9B43
쌖,0x9B44
쌗,0x9B45
쌙,0x9B46
쌚,0x9B47
쌛,0x9B48
쌝,0x9B49
쌞,0x9B4A
쌟,0x9B4B
쌠,0x9B4C
쌡,0x9B4D
쌢,0x9B4E
쌣,0x9B4F
쌦,0x9B50
쌧,0x9B51
쌪,0x9B52
쌫,0x9B53
쌬,0x9B54
쌭,0x9B55
쌮,0x9B56
쌯,0x9B57
쌰,0x9B58
쌱,0x9B59
쌲,0x9B5A
쌳,0x9B61
쌴,0x9B62
쌵,0x9B63
쌶,0x9B64
쌷,0x9B65
쌸,0x9B66
쌹,0x9B67
쌺,0x9B68
쌻,0x9B69
쌼,0x9B6A
쌽,0x9B6B
쌾,0x9B6C
쌿,0x9B6D
썀,0x9B6E
썁,0x9B6F
썂,0x9B70
썃,0x9B71
썄,0x9B72
썆,0x9B73
썇,0x9B74
썈,0x9B75
썉,0x9B76
썊,0x9B77
썋,0x9B78
썌,0x9B79
썍,0x9B7A
썎,0x9B81
썏,0x9B82
썐,0x9B83
썑,0x9B84
썒,0x9B85
썓,0x9B86
썔,0x9B87
썕,0x9B88
썖,0x9B89
썗,0x9B8A
썘,0x9B8B
썙,0x9B8C
썚,0x9B8D
썛,0x9B8E
썜,0x9B8F
썝,0x9B90
썞,0x9B91
썟,0x9B92
썠,0x9B93
썡,0x9B94
썢,0x9B95
썣,0x9B96
썤,0x9B97
썥,0x9B98
썦,0x9B99
썧,0x9B9A
썪,0x9B9B
썫,0x9B9C
썭,0x9B9D
썮,0x9B9E
썯,0x9B9F
썱,0x9BA0
썳,0x9BA1
썴,0x9BA2
썵,0x9BA3
썶,0x9BA4
썷,0x9BA5
썺,0x9BA6
썻,0x9BA7
썾,0x9BA8
썿,0x9BA9
쎀,0x9BAA
쎁,0x9BAB
쎂,0x9BAC
쎃,0x9BAD
쎅,0x9BAE
쎆,0x9BAF
쎇,0x9BB0
쎉,0x9BB1
쎊,0x9BB2
쎋,0x9BB3
쎍,0x9BB4
쎎,0x9BB5
쎏,0x9BB6
쎐,0x9BB7
쎑,0x9BB8
쎒,0x9BB9
쎓,0x9BBA
쎔,0x9BBB
쎕,0x9BBC
쎖,0x9BBD
쎗,0x9BBE
쎘,0x9BBF
쎙,0x9BC0
쎚,0x9BC1
쎛,0x9BC2
쎜,0x9BC3
쎝,0x9BC4
쎞,0x9BC5
쎟,0x9BC6
쎠,0x9BC7
쎡,0x9BC8
쎢,0x9BC9
쎣,0x9BCA
쎤,0x9BCB
쎥,0x9BCC
쎦,0x9BCD
쎧,0x9BCE
쎨,0x9BCF
쎩,0x9BD0
쎪,0x9BD1
쎫,0x9BD2
쎬,0x9BD3
쎭,0x9BD4
쎮,0x9BD5
쎯,0x9BD6
쎰,0x9BD7
쎱,0x9BD8
쎲,0x9BD9
쎳,0x9BDA
쎴,0x9BDB
쎵,0x9BDC
쎶,0x9BDD
쎷,0x9BDE
쎸,0x9BDF
쎹,0x9BE0
쎺,0x9BE1
쎻,0x9BE2
쎼,0x9BE3
쎽,0x9BE4
쎾,0x9BE5
쎿,0x9BE6
쏁,0x9BE7
쏂,0x9BE8
쏃,0x9BE9
쏄,0x9BEA
쏅,0x9BEB
쏆,0x9BEC
쏇,0x9BED
쏈,0x9BEE
쏉,0x9BEF
쏊,0x9BF0
쏋,0x9BF1
쏌,0x9BF2
쏍,0x9BF3
쏎,0x9BF4
쏏,0x9BF5
쏐,0x9BF6
쏑,0x9BF7
쏒,0x9BF8
쏓,0x9BF9
쏔,0x9BFA
쏕,0x9BFB
쏖,0x9BFC
쏗,0x9BFD
쏚,0x9BFE
쏛,0x9C41
쏝,0x9C42
쏞,0x9C43
쏡,0x9C44
쏣,0x9C45
쏤,0x9C46
쏥,0x9C47
쏦,0x9C48
쏧,0x9C49
쏪,0x9C4A
쏫,0x9C4B
쏬,0x9C4C
쏮,0x9C4D
쏯,0x9C4E
쏰,0x9C4F
쏱,0x9C50
쏲,0x9C51
쏳,0x9C52
쏶,0x9C53
쏷,0x9C54
쏹,0x9C55
쏺,0x9C56
쏻,0x9C57
쏼,0x9C58
쏽,0x9C59
쏾,0x9C5A
쏿,0x9C61
쐀,0x9C62
쐁,0x9C63
쐂,0x9C64
쐃,0x9C65
쐄,0x9C66
쐅,0x9C67
쐆,0x9C68
쐇,0x9C69
쐉,0x9C6A
쐊,0x9C6B
쐋,0x9C6C
쐌,0x9C6D
쐍,0x9C6E
쐎,0x9C6F
쐏,0x9C70
쐑,0x9C71
쐒,0x9C72
쐓,0x9C73
쐔,0x9C74
쐕,0x9C75
쐖,0x9C76
쐗,0x9C77
쐘,0x9C78
쐙,0x9C79
쐚,0x9C7A
쐛,0x9C81
쐜,0x9C82
쐝,0x9C83
쐞,0x9C84
쐟,0x9C85
쐠,0x9C86
쐡,0x9C87
쐢,0x9C88
쐣,0x9C89
쐥,0x9C8A
쐦,0x9C8B
쐧,0x9C8C
쐨,0x9C8D
쐩,0x9C8E
쐪,0x9C8F
쐫,0x9C90
쐭,0x9C91
쐮,0x9C92
쐯,0x9C93
쐱,0x9C94
쐲,0x9C95
쐳,0x9C96
쐵,0x9C97
쐶,0x9C98
쐷,0x9C99
쐸,0x9C9A
쐹,0x9C9B
쐺,0x9C9C
쐻,0x9C9D
쐾,0x9C9E
쐿,0x9C9F
쑀,0x9CA0
쑁,0x9CA1
쑂,0x9CA2
쑃,0x9CA3
쑄,0x9CA4
쑅,0x9CA5
쑆,0x9CA6
쑇,0x9CA7
쑉,0x9CA8
쑊,0x9CA9
쑋,0x9CAA
쑌,0x9CAB
쑍,0x9CAC
쑎,0x9CAD
쑏,0x9CAE
쑐,0x9CAF
쑑,0x9CB0
쑒,0x9CB1
쑓,0x9CB2
쑔,0x9CB3
쑕,0x9CB4
쑖,0x9CB5
쑗,0x9CB6
쑘,0x9CB7
쑙,0x9CB8
쑚,0x9CB9
쑛,0x9CBA
쑜,0x9CBB
쑝,0x9CBC
쑞,0x9CBD
쑟,0x9CBE
쑠,0x9CBF
쑡,0x9CC0
쑢,0x9CC1
쑣,0x9CC2
쑦,0x9CC3
쑧,0x9CC4
쑩,0x9CC5
쑪,0x9CC6
쑫,0x9CC7
쑭,0x9CC8
쑮,0x9CC9
쑯,0x9CCA
쑰,0x9CCB
쑱,0x9CCC
쑲,0x9CCD
쑳,0x9CCE
쑶,0x9CCF
쑷,0x9CD0
쑸,0x9CD1
쑺,0x9CD2
쑻,0x9CD3
쑼,0x9CD4
쑽,0x9CD5
쑾,0x9CD6
쑿,0x9CD7
쒁,0x9CD8
쒂,0x9CD9
쒃,0x9CDA
쒄,0x9CDB
쒅,0x9CDC
쒆,0x9CDD
쒇,0x9CDE
쒈,0x9CDF
쒉,0x9CE0
쒊,0x9CE1
쒋,0x9CE2
쒌,0x9CE3
쒍,0x9CE4
쒎,0x9CE5
쒏,0x9CE6
쒐,0x9CE7
쒑,0x9CE8
쒒,0x9CE9
쒓,0x9CEA
쒕,0x9CEB
쒖,0x9CEC
쒗,0x9CED
쒘,0x9CEE
쒙,0x9CEF
쒚,0x9CF0
쒛,0x9CF1
쒝,0x9CF2
쒞,0x9CF3
쒟,0x9CF4
쒠,0x9CF5
쒡,0x9CF6
쒢,0x9CF7
쒣,0x9CF8
쒤,0x9CF9
쒥,0x9CFA
쒦,0x9CFB
쒧,0x9CFC
쒨,0x9CFD
쒩,0x9CFE
쒪,0x9D41
쒫,0x9D42
쒬,0x9D43
쒭,0x9D44
쒮,0x9D45
쒯,0x9D46
쒰,0x9D47
쒱,0x9D48
쒲,0x9D49
쒳,0x9D4A
쒴,0x9D4B
쒵,0x9D4C
쒶,0x9D4D
쒷,0x9D4E
쒹,0x9D4F
쒺,0x9D50
쒻,0x9D51
쒽,0x9D52
쒾,0x9D53
쒿,0x9D54
쓀,0x9D55
쓁,0x9D56
쓂,0x9D57
쓃,0x9D58
쓄,0x9D59
쓅,0x9D5A
쓆,0x9D61
쓇,0x9D62
쓈,0x9D63
쓉,0x9D64
쓊,0x9D65
쓋,0x9D66
쓌,0x9D67
쓍,0x9D68
쓎,0x9D69
쓏,0x9D6A
쓐,0x9D6B
쓑,0x9D6C
쓒,0x9D6D
쓓,0x9D6E
쓔,0x9D6F
쓕,0x9D70
쓖,0x9D71
쓗,0x9D72
쓘,0x9D73
쓙,0x9D74
쓚,0x9D75
쓛,0x9D76
쓜,0x9D77
쓝,0x9D78
쓞,0x9D79
쓟,0x9D7A
쓠,0x9D81
쓡,0x9D82
쓢,0x9D83
쓣,0x9D84
쓤,0x9D85
쓥,0x9D86
쓦,0x9D87
쓧,0x9D88
쓨,0x9D89
쓪,0x9D8A
쓫,0x9D8B
쓬,0x9D8C
쓭,0x9D8D
쓮,0x9D8E
쓯,0x9D8F
쓲,0x9D90
쓳,0x9D91
쓵,0x9D92
쓶,0x9D93
쓷,0x9D94
쓹,0x9D95
쓻,0x9D96
쓼,0x9D97
쓽,0x9D98
쓾,0x9D99
씂,0x9D9A
씃,0x9D9B
씄,0x9D9C
씅,0x9D9D
씆,0x9D9E
씇,0x9D9F
씈,0x9DA0
씉,0x9DA1
씊,0x9DA2
씋,0x9DA3
씍,0x9DA4
씎,0x9DA5
씏,0x9DA6
씑,0x9DA7
씒,0x9DA8
씓,0x9DA9
씕,0x9DAA
씖,0x9DAB
씗,0x9DAC
씘,0x9DAD
씙,0x9DAE
씚,0x9DAF
씛,0x9DB0
씝,0x9DB1
씞,0x9DB2
씟,0x9DB3
씠,0x9DB4
씡,0x9DB5
씢,0x9DB6
씣,0x9DB7
씤,0x9DB8
씥,0x9DB9
씦,0x9DBA
씧,0x9DBB
씪,0x9DBC
씫,0x9DBD
씭,0x9DBE
씮,0x9DBF
씯,0x9DC0
씱,0x9DC1
씲,0x9DC2
씳,0x9DC3
씴,0x9DC4
씵,0x9DC5
씶,0x9DC6
씷,0x9DC7
씺,0x9DC8
씼,0x9DC9
씾,0x9DCA
씿,0x9DCB
앀,0x9DCC
앁,0x9DCD
앂,0x9DCE
앃,0x9DCF
앆,0x9DD0
앇,0x9DD1
앋,0x9DD2
앏,0x9DD3
앐,0x9DD4
앑,0x9DD5
앒,0x9DD6
앖,0x9DD7
앚,0x9DD8
앛,0x9DD9
앜,0x9DDA
앟,0x9DDB
앢,0x9DDC
앣,0x9DDD
앥,0x9DDE
앦,0x9DDF
앧,0x9DE0
앩,0x9DE1
앪,0x9DE2
앫,0x9DE3
앬,0x9DE4
앭,0x9DE5
앮,0x9DE6
앯,0x9DE7
앲,0x9DE8
앶,0x9DE9
앷,0x9DEA
앸,0x9DEB
앹,0x9DEC
앺,0x9DED
앻,0x9DEE
앾,0x9DEF
앿,0x9DF0
얁,0x9DF1
얂,0x9DF2
얃,0x9DF3
얅,0x9DF4
얆,0x9DF5
얈,0x9DF6
얉,0x9DF7
얊,0x9DF8
얋,0x9DF9
얎,0x9DFA
얐,0x9DFB
얒,0x9DFC
얓,0x9DFD
얔,0x9DFE
얖,0x9E41
얙,0x9E42
얚,0x9E43
얛,0x9E44
얝,0x9E45
얞,0x9E46
얟,0x9E47
얡,0x9E48
얢,0x9E49
얣,0x9E4A
얤,0x9E4B
얥,0x9E4C
얦,0x9E4D
얧,0x9E4E
얨,0x9E4F
얪,0x9E50
얫,0x9E51
얬,0x9E52
얭,0x9E53
얮,0x9E54
얯,0x9E55
얰,0x9E56
얱,0x9E57
얲,0x9E58
얳,0x9E59
얶,0x9E5A
얷,0x9E61
얺,0x9E62
얿,0x9E63
엀,0x9E64
엁,0x9E65
엂,0x9E66
엃,0x9E67
엋,0x9E68
엍,0x9E69
엏,0x9E6A
엒,0x9E6B
엓,0x9E6C
엕,0x9E6D
엖,0x9E6E
엗,0x9E6F
엙,0x9E70
엚,0x9E71
엛,0x9E72
엜,0x9E73
엝,0x9E74
엞,0x9E75
엟,0x9E76
엢,0x9E77
엤,0x9E78
엦,0x9E79
엧,0x9E7A
엨,0x9E81
엩,0x9E82
엪,0x9E83
엫,0x9E84
엯,0x9E85
엱,0x9E86
엲,0x9E87
엳,0x9E88
엵,0x9E89
엸,0x9E8A
엹,0x9E8B
엺,0x9E8C
엻,0x9E8D
옂,0x9E8E
옃,0x9E8F
옄,0x9E90
옉,0x9E91
옊,0x9E92
옋,0x9E93
옍,0x9E94
옎,0x9E95
옏,0x9E96
옑,0x9E97
옒,0x9E98
옓,0x9E99
옔,0x9E9A
옕,0x9E9B
옖,0x9E9C
옗,0x9E9D
옚,0x9E9E
옝,0x9E9F
옞,0x9EA0
옟,0x9EA1
옠,0x9EA2
옡,0x9EA3
옢,0x9EA4
옣,0x9EA5
옦,0x9EA6
옧,0x9EA7
옩,0x9EA8
옪,0x9EA9
옫,0x9EAA
옯,0x9EAB
옱,0x9EAC
옲,0x9EAD
옶,0x9EAE
옸,0x9EAF
옺,0x9EB0
옼,0x9EB1
옽,0x9EB2
옾,0x9EB3
옿,0x9EB4
왂,0x9EB5
왃,0x9EB6
왅,0x9EB7
왆,0x9EB8
왇,0x9EB9
왉,0x9EBA
왊,0x9EBB
왋,0x9EBC
왌,0x9EBD
왍,0x9EBE
왎,0x9EBF
왏,0x9EC0
왒,0x9EC1
왖,0x9EC2
왗,0x9EC3
왘,0x9EC4
왙,0x9EC5
왚,0x9EC6
왛,0x9EC7
왞,0x9EC8
왟,0x9EC9
왡,0x9ECA
왢,0x9ECB
왣,0x9ECC
왤,0x9ECD
왥,0x9ECE
왦,0x9ECF
왧,0x9ED0
왨,0x9ED1
왩,0x9ED2
왪,0x9ED3
왫,0x9ED4
왭,0x9ED5
왮,0x9ED6
왰,0x9ED7
왲,0x9ED8
왳,0x9ED9
왴,0x9EDA
왵,0x9EDB
왶,0x9EDC
왷,0x9EDD
왺,0x9EDE
왻,0x9EDF
왽,0x9EE0
왾,0x9EE1
왿,0x9EE2
욁,0x9EE3
욂,0x9EE4
욃,0x9EE5
욄,0x9EE6
욅,0x9EE7
욆,0x9EE8
욇,0x9EE9
욊,0x9EEA
욌,0x9EEB
욎,0x9EEC
욏,0x9EED
욐,0x9EEE
욑,0x9EEF
욒,0x9EF0
욓,0x9EF1
욖,0x9EF2
욗,0x9EF3
욙,0x9EF4
욚,0x9EF5
욛,0x9EF6
욝,0x9EF7
욞,0x9EF8
욟,0x9EF9
욠,0x9EFA
욡,0x9EFB
욢,0x9EFC
욣,0x9EFD
욦,0x9EFE
욨,0x9F41
욪,0x9F42
욫,0x9F43
욬,0x9F44
욭,0x9F45
욮,0x9F46
욯,0x9F47
욲,0x9F48
욳,0x9F49
욵,0x9F4A
욶,0x9F4B
욷,0x9F4C
욻,0x9F4D
욼,0x9F4E
욽,0x9F4F
욾,0x9F50
욿,0x9F51
웂,0x9F52
웄,0x9F53
웆,0x9F54
웇,0x9F55
웈,0x9F56
웉,0x9F57
웊,0x9F58
웋,0x9F59
웎,0x9F5A
웏,0x9F61
웑,0x9F62
웒,0x9F63
웓,0x9F64
웕,0x9F65
웖,0x9F66
웗,0x9F67
웘,0x9F68
웙,0x9F69
웚,0x9F6A
웛,0x9F6B
웞,0x9F6C
웟,0x9F6D
웢,0x9F6E
웣,0x9F6F
웤,0x9F70
웥,0x9F71
웦,0x9F72
웧,0x9F73
웪,0x9F74
웫,0x9F75
웭,0x9F76
웮,0x9F77
웯,0x9F78
웱,0x9F79
웲,0x9F7A
웳,0x9F81
웴,0x9F82
웵,0x9F83
웶,0x9F84
웷,0x9F85
웺,0x9F86
웻,0x9F87
웼,0x9F88
웾,0x9F89
웿,0x9F8A
윀,0x9F8B
윁,0x9F8C
윂,0x9F8D
윃,0x9F8E
윆,0x9F8F
윇,0x9F90
윉,0x9F91
윊,0x9F92
윋,0x9F93
윍,0x9F94
윎,0x9F95
윏,0x9F96
윐,0x9F97
윑,0x9F98
윒,0x9F99
윓,0x9F9A
윖,0x9F9B
윘,0x9F9C
윚,0x9F9D
윛,0x9F9E
윜,0x9F9F
윝,0x9FA0
윞,0x9FA1
윟,0x9FA2
윢,0x9FA3
윣,0x9FA4
윥,0x9FA5
윦,0x9FA6
윧,0x9FA7
윩,0x9FA8
윪,0x9FA9
윫,0x9FAA
윬,0x9FAB
윭,0x9FAC
윮,0x9FAD
윯,0x9FAE
윲,0x9FAF
윴,0x9FB0
윶,0x9FB1
윸,0x9FB2
윹,0x9FB3
윺,0x9FB4
윻,0x9FB5
윾,0x9FB6
윿,0x9FB7
읁,0x9FB8
읂,0x9FB9
읃,0x9FBA
읅,0x9FBB
읆,0x9FBC
읇,0x9FBD
읈,0x9FBE
읉,0x9FBF
읋,0x9FC0
읎,0x9FC1
읐,0x9FC2
읙,0x9FC3
읚,0x9FC4
읛,0x9FC5
읝,0x9FC6
읞,0x9FC7
읟,0x9FC8
읡,0x9FC9
읢,0x9FCA
읣,0x9FCB
읤,0x9FCC
읥,0x9FCD
읦,0x9FCE
읧,0x9FCF
읩,0x9FD0
읪,0x9FD1
읬,0x9FD2
읭,0x9FD3
읮,0x9FD4
읯,0x9FD5
읰,0x9FD6
읱,0x9FD7
읲,0x9FD8
읳,0x9FD9
읶,0x9FDA
읷,0x9FDB
읹,0x9FDC
읺,0x9FDD
읻,0x9FDE
읿,0x9FDF
잀,0x9FE0
잁,0x9FE1
잂,0x9FE2
잆,0x9FE3
잋,0x9FE4
잌,0x9FE5
잍,0x9FE6
잏,0x9FE7
잒,0x9FE8
잓,0x9FE9
잕,0x9FEA
잙,0x9FEB
잛,0x9FEC
잜,0x9FED
잝,0x9FEE
잞,0x9FEF
잟,0x9FF0
잢,0x9FF1
잧,0x9FF2
잨,0x9FF3
잩,0x9FF4
잪,0x9FF5
잫,0x9FF6
잮,0x9FF7
잯,0x9FF8
잱,0x9FF9
잲,0x9FFA
잳,0x9FFB
잵,0x9FFC
잶,0x9FFD
잷,0x9FFE
잸,0xA041
잹,0xA042
잺,0xA043
잻,0xA044
잾,0xA045
쟂,0xA046
쟃,0xA047
쟄,0xA048
쟅,0xA049
쟆,0xA04A
쟇,0xA04B
쟊,0xA04C
쟋,0xA04D
쟍,0xA04E
쟏,0xA04F
쟑,0xA050
쟒,0xA051
쟓,0xA052
쟔,0xA053
쟕,0xA054
쟖,0xA055
쟗,0xA056
쟙,0xA057
쟚,0xA058
쟛,0xA059
쟜,0xA05A
쟞,0xA061
쟟,0xA062
쟠,0xA063
쟡,0xA064
쟢,0xA065
쟣,0xA066
쟥,0xA067
쟦,0xA068
쟧,0xA069
쟩,0xA06A
쟪,0xA06B
쟫,0xA06C
쟭,0xA06D
쟮,0xA06E
쟯,0xA06F
쟰,0xA070
쟱,0xA071
쟲,0xA072
쟳,0xA073
쟴,0xA074
쟵,0xA075
쟶,0xA076
쟷,0xA077
쟸,0xA078
쟹,0xA079
쟺,0xA07A
쟻,0xA081
쟼,0xA082
쟽,0xA083
쟾,0xA084
쟿,0xA085
젂,0xA086
젃,0xA087
젅,0xA088
젆,0xA089
젇,0xA08A
젉,0xA08B
젋,0xA08C
젌,0xA08D
젍,0xA08E
젎,0xA08F
젏,0xA090
젒,0xA091
젔,0xA092
젗,0xA093
젘,0xA094
젙,0xA095
젚,0xA096
젛,0xA097
젞,0xA098
젟,0xA099
젡,0xA09A
젢,0xA09B
젣,0xA09C
젥,0xA09D
젦,0xA09E
젧,0xA09F
젨,0xA0A0
젩,0xA0A1
젪,0xA0A2
젫,0xA0A3
젮,0xA0A4
젰,0xA0A5
젲,0xA0A6
젳,0xA0A7
젴,0xA0A8
젵,0xA0A9
젶,0xA0AA
젷,0xA0AB
젹,0xA0AC
젺,0xA0AD
젻,0xA0AE
젽,0xA0AF
젾,0xA0B0
젿,0xA0B1
졁,0xA0B2
졂,0xA0B3
졃,0xA0B4
졄,0xA0B5
졅,0xA0B6
졆,0xA0B7
졇,0xA0B8
졊,0xA0B9
졋,0xA0BA
졎,0xA0BB
졏,0xA0BC
졐,0xA0BD
졑,0xA0BE
졒,0xA0BF
졓,0xA0C0
졕,0xA0C1
졖,0xA0C2
졗,0xA0C3
졘,0xA0C4
졙,0xA0C5
졚,0xA0C6
졛,0xA0C7
졜,0xA0C8
졝,0xA0C9
졞,0xA0CA
졟,0xA0CB
졠,0xA0CC
졡,0xA0CD
졢,0xA0CE
졣,0xA0CF
졤,0xA0D0
졥,0xA0D1
졦,0xA0D2
졧,0xA0D3
졨,0xA0D4
졩,0xA0D5
졪,0xA0D6
졫,0xA0D7
졬,0xA0D8
졭,0xA0D9
졮,0xA0DA
졯,0xA0DB
졲,0xA0DC
졳,0xA0DD
졵,0xA0DE
졶,0xA0DF
졷,0xA0E0
졹,0xA0E1
졻,0xA0E2
졼,0xA0E3
졽,0xA0E4
졾,0xA0E5
졿,0xA0E6
좂,0xA0E7
좄,0xA0E8
좈,0xA0E9
좉,0xA0EA
좊,0xA0EB
좎,0xA0EC
좏,0xA0ED
좐,0xA0EE
좑,0xA0EF
좒,0xA0F0
좓,0xA0F1
좕,0xA0F2
좖,0xA0F3
좗,0xA0F4
좘,0xA0F5
좙,0xA0F6
좚,0xA0F7
좛,0xA0F8
좜,0xA0F9
좞,0xA0FA
좠,0xA0FB
좢,0xA0FC
좣,0xA0FD
좤,0xA0FE
좥,0xA141
좦,0xA142
좧,0xA143
좩,0xA144
좪,0xA145
좫,0xA146
좬,0xA147
좭,0xA148
좮,0xA149
좯,0xA14A
좰,0xA14B
좱,0xA14C
좲,0xA14D
좳,0xA14E
좴,0xA14F
좵,0xA150
좶,0xA151
좷,0xA152
좸,0xA153
좹,0xA154
좺,0xA155
좻,0xA156
좾,0xA157
좿,0xA158
죀,0xA159
죁,0xA15A
죂,0xA161
죃,0xA162
죅,0xA163
죆,0xA164
죇,0xA165
죉,0xA166
죊,0xA167
죋,0xA168
죍,0xA169
죎,0xA16A
죏,0xA16B
죐,0xA16C
죑,0xA16D
죒,0xA16E
죓,0xA16F
죖,0xA170
죘,0xA171
죚,0xA172
죛,0xA173
죜,0xA174
죝,0xA175
죞,0xA176
죟,0xA177
죢,0xA178
죣,0xA179
죥,0xA17A
죦,0xA181
죧,0xA182
죨,0xA183
죩,0xA184
죪,0xA185
죫,0xA186
죬,0xA187
죭,0xA188
죮,0xA189
죯,0xA18A
죰,0xA18B
죱,0xA18C
죲,0xA18D
죳,0xA18E
죴,0xA18F
죶,0xA190
죷,0xA191
죸,0xA192
죹,0xA193
죺,0xA194
죻,0xA195
죾,0xA196
죿,0xA197
줁,0xA198
줂,0xA199
줃,0xA19A
줇,0xA19B
줈,0xA19C
줉,0xA19D
줊,0xA19E
줋,0xA19F
줎,0xA1A0
줐,0xA241
줒,0xA242
줓,0xA243
줔,0xA244
줕,0xA245
줖,0xA246
줗,0xA247
줙,0xA248
줚,0xA249
줛,0xA24A
줜,0xA24B
줝,0xA24C
줞,0xA24D
줟,0xA24E
줠,0xA24F
줡,0xA250
줢,0xA251
줣,0xA252
줤,0xA253
줥,0xA254
줦,0xA255
줧,0xA256
줨,0xA257
줩,0xA258
줪,0xA259
줫,0xA25A
줭,0xA261
줮,0xA262
줯,0xA263
줰,0xA264
줱,0xA265
줲,0xA266
줳,0xA267
줵,0xA268
줶,0xA269
줷,0xA26A
줸,0xA26B
줹,0xA26C
줺,0xA26D
줻,0xA26E
줼,0xA26F
줽,0xA270
줾,0xA271
줿,0xA272
쥀,0xA273
쥁,0xA274
쥂,0xA275
쥃,0xA276
쥄,0xA277
쥅,0xA278
쥆,0xA279
쥇,0xA27A
쥈,0xA281
쥉,0xA282
쥊,0xA283
쥋,0xA284
쥌,0xA285
쥍,0xA286
쥎,0xA287
쥏,0xA288
쥒,0xA289
쥓,0xA28A
쥕,0xA28B
쥖,0xA28C
쥗,0xA28D
쥙,0xA28E
쥚,0xA28F
쥛,0xA290
쥜,0xA291
쥝,0xA292
쥞,0xA293
쥟,0xA294
쥢,0xA295
쥤,0xA296
쥥,0xA297
쥦,0xA298
쥧,0xA299
쥨,0xA29A
쥩,0xA29B
쥪,0xA29C
쥫,0xA29D
쥭,0xA29E
쥮,0xA29F
쥯,0xA2A0
쥱,0xA341
쥲,0xA342
쥳,0xA343
쥵,0xA344
쥶,0xA345
쥷,0xA346
쥸,0xA347
쥹,0xA348
쥺,0xA349
쥻,0xA34A
쥽,0xA34B
쥾,0xA34C
쥿,0xA34D
즀,0xA34E
즁,0xA34F
즂,0xA350
즃,0xA351
즄,0xA352
즅,0xA353
즆,0xA354
즇,0xA355
즊,0xA356
즋,0xA357
즍,0xA358
즎,0xA359
즏,0xA35A
즑,0xA361
즒,0xA362
즓,0xA363
즔,0xA364
즕,0xA365
즖,0xA366
즗,0xA367
즚,0xA368
즜,0xA369
즞,0xA36A
즟,0xA36B
즠,0xA36C
즡,0xA36D
즢,0xA36E
즣,0xA36F
즤,0xA370
즥,0xA371
즦,0xA372
즧,0xA373
즨,0xA374
즩,0xA375
즪,0xA376
즫,0xA377
즬,0xA378
즭,0xA379
즮,0xA37A
즯,0xA381
즰,0xA382
즱,0xA383
즲,0xA384
즳,0xA385
즴,0xA386
즵,0xA387
즶,0xA388
즷,0xA389
즸,0xA38A
즹,0xA38B
즺,0xA38C
즻,0xA38D
즼,0xA38E
즽,0xA38F
즾,0xA390
즿,0xA391
짂,0xA392
짃,0xA393
짅,0xA394
짆,0xA395
짉,0xA396
짋,0xA397
짌,0xA398
짍,0xA399
짎,0xA39A
짏,0xA39B
짒,0xA39C
짔,0xA39D
짗,0xA39E
짘,0xA39F
짛,0xA3A0
짞,0xA441
짟,0xA442
짡,0xA443
짣,0xA444
짥,0xA445
짦,0xA446
짨,0xA447
짩,0xA448
짪,0xA449
짫,0xA44A
짮,0xA44B
짲,0xA44C
짳,0xA44D
짴,0xA44E
짵,0xA44F
짶,0xA450
짷,0xA451
짺,0xA452
짻,0xA453
짽,0xA454
짾,0xA455
짿,0xA456
쨁,0xA457
쨂,0xA458
쨃,0xA459
쨄,0xA45A
쨅,0xA461
쨆,0xA462
쨇,0xA463
쨊,0xA464
쨎,0xA465
쨏,0xA466
쨐,0xA467
쨑,0xA468
쨒,0xA469
쨓,0xA46A
쨕,0xA46B
쨖,0xA46C
쨗,0xA46D
쨙,0xA46E
쨚,0xA46F
쨛,0xA470
쨜,0xA471
쨝,0xA472
쨞,0xA473
쨟,0xA474
쨠,0xA475
쨡,0xA476
쨢,0xA477
쨣,0xA478
쨤,0xA479
쨥,0xA47A
쨦,0xA481
쨧,0xA482
쨨,0xA483
쨪,0xA484
쨫,0xA485
쨬,0xA486
쨭,0xA487
쨮,0xA488
쨯,0xA489
쨰,0xA48A
쨱,0xA48B
쨲,0xA48C
쨳,0xA48D
쨴,0xA48E
쨵,0xA48F
쨶,0xA490
쨷,0xA491
쨸,0xA492
쨹,0xA493
쨺,0xA494
쨻,0xA495
쨼,0xA496
쨽,0xA497
쨾,0xA498
쨿,0xA499
쩀,0xA49A
쩁,0xA49B
쩂,0xA49C
쩃,0xA49D
쩄,0xA49E
쩅,0xA49F
쩆,0xA4A0
쩇,0xA541
쩈,0xA542
쩉,0xA543
쩊,0xA544
쩋,0xA545
쩎,0xA546
쩏,0xA547
쩑,0xA548
쩒,0xA549
쩓,0xA54A
쩕,0xA54B
쩖,0xA54C
쩗,0xA54D
쩘,0xA54E
쩙,0xA54F
쩚,0xA550
쩛,0xA551
쩞,0xA552
쩢,0xA553
쩣,0xA554
쩤,0xA555
쩥,0xA556
쩦,0xA557
쩧,0xA558
쩩,0xA559
쩪,0xA55A
쩫,0xA561
쩬,0xA562
쩭,0xA563
쩮,0xA564
쩯,0xA565
쩰,0xA566
쩱,0xA567
쩲,0xA568
쩳,0xA569
쩴,0xA56A
쩵,0xA56B
쩶,0xA56C
쩷,0xA56D
쩸,0xA56E
쩹,0xA56F
쩺,0xA570
쩻,0xA571
쩼,0xA572
쩾,0xA573
쩿,0xA574
쪀,0xA575
쪁,0xA576
쪂,0xA577
쪃,0xA578
쪅,0xA579
쪆,0xA57A
쪇,0xA581
쪈,0xA582
쪉,0xA583
쪊,0xA584
쪋,0xA585
쪌,0xA586
쪍,0xA587
쪎,0xA588
쪏,0xA589
쪐,0xA58A
쪑,0xA58B
쪒,0xA58C
쪓,0xA58D
쪔,0xA58E
쪕,0xA58F
쪖,0xA590
쪗,0xA591
쪙,0xA592
쪚,0xA593
쪛,0xA594
쪜,0xA595
쪝,0xA596
쪞,0xA597
쪟,0xA598
쪠,0xA599
쪡,0xA59A
쪢,0xA59B
쪣,0xA59C
쪤,0xA59D
쪥,0xA59E
쪦,0xA59F
쪧,0xA5A0
쪨,0xA641
쪩,0xA642
쪪,0xA643
쪫,0xA644
쪬,0xA645
쪭,0xA646
쪮,0xA647
쪯,0xA648
쪰,0xA649
쪱,0xA64A
쪲,0xA64B
쪳,0xA64C
쪴,0xA64D
쪵,0xA64E
쪶,0xA64F
쪷,0xA650
쪸,0xA651
쪹,0xA652
쪺,0xA653
쪻,0xA654
쪾,0xA655
쪿,0xA656
쫁,0xA657
쫂,0xA658
쫃,0xA659
쫅,0xA65A
쫆,0xA661
쫇,0xA662
쫈,0xA663
쫉,0xA664
쫊,0xA665
쫋,0xA666
쫎,0xA667
쫐,0xA668
쫒,0xA669
쫔,0xA66A
쫕,0xA66B
쫖,0xA66C
쫗,0xA66D
쫚,0xA66E
쫛,0xA66F
쫜,0xA670
쫝,0xA671
쫞,0xA672
쫟,0xA673
쫡,0xA674
쫢,0xA675
쫣,0xA676
쫤,0xA677
쫥,0xA678
쫦,0xA679
쫧,0xA67A
쫨,0xA681
쫩,0xA682
쫪,0xA683
쫫,0xA684
쫭,0xA685
쫮,0xA686
쫯,0xA687
쫰,0xA688
쫱,0xA689
쫲,0xA68A
쫳,0xA68B
쫵,0xA68C
쫶,0xA68D
쫷,0xA68E
쫸,0xA68F
쫹,0xA690
쫺,0xA691
쫻,0xA692
쫼,0xA693
쫽,0xA694
쫾,0xA695
쫿,0xA696
쬀,0xA697
쬁,0xA698
쬂,0xA699
쬃,0xA69A
쬄,0xA69B
쬅,0xA69C
쬆,0xA69D
쬇,0xA69E
쬉,0xA69F
쬊,0xA6A0
쬋,0xA741
쬌,0xA742
쬍,0xA743
쬎,0xA744
쬏,0xA745
쬑,0xA746
쬒,0xA747
쬓,0xA748
쬕,0xA749
쬖,0xA74A
쬗,0xA74B
쬙,0xA74C
쬚,0xA74D
쬛,0xA74E
쬜,0xA74F
쬝,0xA750
쬞,0xA751
쬟,0xA752
쬢,0xA753
쬣,0xA754
쬤,0xA755
쬥,0xA756
쬦,0xA757
쬧,0xA758
쬨,0xA759
쬩,0xA75A
쬪,0xA761
쬫,0xA762
쬬,0xA763
쬭,0xA764
쬮,0xA765
쬯,0xA766
쬰,0xA767
쬱,0xA768
쬲,0xA769
쬳,0xA76A
쬴,0xA76B
쬵,0xA76C
쬶,0xA76D
쬷,0xA76E
쬸,0xA76F
쬹,0xA770
쬺,0xA771
쬻,0xA772
쬼,0xA773
쬽,0xA774
쬾,0xA775
쬿,0xA776
쭀,0xA777
쭂,0xA778
쭃,0xA779
쭄,0xA77A
쭅,0xA781
쭆,0xA782
쭇,0xA783
쭊,0xA784
쭋,0xA785
쭍,0xA786
쭎,0xA787
쭏,0xA788
쭑,0xA789
쭒,0xA78A
쭓,0xA78B
쭔,0xA78C
쭕,0xA78D
쭖,0xA78E
쭗,0xA78F
쭚,0xA790
쭛,0xA791
쭜,0xA792
쭞,0xA793
쭟,0xA794
쭠,0xA795
쭡,0xA796
쭢,0xA797
쭣,0xA798
쭥,0xA799
쭦,0xA79A
쭧,0xA79B
쭨,0xA79C
쭩,0xA79D
쭪,0xA79E
쭫,0xA79F
쭬,0xA7A0
쭭,0xA841
쭮,0xA842
쭯,0xA843
쭰,0xA844
쭱,0xA845
쭲,0xA846
쭳,0xA847
쭴,0xA848
쭵,0xA849
쭶,0xA84A
쭷,0xA84B
쭺,0xA84C
쭻,0xA84D
쭼,0xA84E
쭽,0xA84F
쭾,0xA850
쭿,0xA851
쮀,0xA852
쮁,0xA853
쮂,0xA854
쮃,0xA855
쮄,0xA856
쮅,0xA857
쮆,0xA858
쮇,0xA859
쮈,0xA85A
쮉,0xA861
쮊,0xA862
쮋,0xA863
쮌,0xA864
쮍,0xA865
쮎,0xA866
쮏,0xA867
쮐,0xA868
쮑,0xA869
쮒,0xA86A
쮓,0xA86B
쮔,0xA86C
쮕,0xA86D
쮖,0xA86E
쮗,0xA86F
쮘,0xA870
쮙,0xA871
쮚,0xA872
쮛,0xA873
쮝,0xA874
쮞,0xA875
쮟,0xA876
쮠,0xA877
쮡,0xA878
쮢,0xA879
쮣,0xA87A
쮤,0xA881
쮥,0xA882
쮦,0xA883
쮧,0xA884
쮨,0xA885
쮩,0xA886
쮪,0xA887
쮫,0xA888
쮬,0xA889
쮭,0xA88A
쮮,0xA88B
쮯,0xA88C
쮰,0xA88D
쮱,0xA88E
쮲,0xA88F
쮳,0xA890
쮴,0xA891
쮵,0xA892
쮶,0xA893
쮷,0xA894
쮹,0xA895
쮺,0xA896
쮻,0xA897
쮼,0xA898
쮽,0xA899
쮾,0xA89A
쮿,0xA89B
쯀,0xA89C
쯁,0xA89D
쯂,0xA89E
쯃,0xA89F
쯄,0xA8A0
쯅,0xA941
쯆,0xA942
쯇,0xA943
쯈,0xA944
쯉,0xA945
쯊,0xA946
쯋,0xA947
쯌,0xA948
쯍,0xA949
쯎,0xA94A
쯏,0xA94B
쯐,0xA94C
쯑,0xA94D
쯒,0xA94E
쯓,0xA94F
쯕,0xA950
쯖,0xA951
쯗,0xA952
쯘,0xA953
쯙,0xA954
쯚,0xA955
쯛,0xA956
쯜,0xA957
쯝,0xA958
쯞,0xA959
쯟,0xA95A
쯠,0xA961
쯡,0xA962
쯢,0xA963
쯣,0xA964
쯥,0xA965
쯦,0xA966
쯨,0xA967
쯪,0xA968
쯫,0xA969
쯬,0xA96A
쯭,0xA96B
쯮,0xA96C
쯯,0xA96D
쯰,0xA96E
쯱,0xA96F
쯲,0xA970
쯳,0xA971
쯴,0xA972
쯵,0xA973
쯶,0xA974
쯷,0xA975
쯸,0xA976
쯹,0xA977
쯺,0xA978
쯻,0xA979
쯼,0xA97A
쯽,0xA981
쯾,0xA982
쯿,0xA983
찀,0xA984
찁,0xA985
찂,0xA986
찃,0xA987
찄,0xA988
찅,0xA989
찆,0xA98A
찇,0xA98B
찈,0xA98C
찉,0xA98D
찊,0xA98E
찋,0xA98F
찎,0xA990
찏,0xA991
찑,0xA992
찒,0xA993
찓,0xA994
찕,0xA995
찖,0xA996
찗,0xA997
찘,0xA998
찙,0xA999
찚,0xA99A
찛,0xA99B
찞,0xA99C
찟,0xA99D
찠,0xA99E
찣,0xA99F
찤,0xA9A0
찥,0xAA41
찦,0xAA42
찪,0xAA43
찫,0xAA44
찭,0xAA45
찯,0xAA46
찱,0xAA47
찲,0xAA48
찳,0xAA49
찴,0xAA4A
찵,0xAA4B
찶,0xAA4C
찷,0xAA4D
찺,0xAA4E
찿,0xAA4F
챀,0xAA50
챁,0xAA51
챂,0xAA52
챃,0xAA53
챆,0xAA54
챇,0xAA55
챉,0xAA56
챊,0xAA57
챋,0xAA58
챍,0xAA59
챎,0xAA5A
챏,0xAA61
챐,0xAA62
챑,0xAA63
챒,0xAA64
챓,0xAA65
챖,0xAA66
챚,0xAA67
챛,0xAA68
챜,0xAA69
챝,0xAA6A
챞,0xAA6B
챟,0xAA6C
챡,0xAA6D
챢,0xAA6E
챣,0xAA6F
챥,0xAA70
챧,0xAA71
챩,0xAA72
챪,0xAA73
챫,0xAA74
챬,0xAA75
챭,0xAA76
챮,0xAA77
챯,0xAA78
챱,0xAA79
챲,0xAA7A
챳,0xAA81
챴,0xAA82
챶,0xAA83
챷,0xAA84
챸,0xAA85
챹,0xAA86
챺,0xAA87
챻,0xAA88
챼,0xAA89
챽,0xAA8A
챾,0xAA8B
챿,0xAA8C
첀,0xAA8D
첁,0xAA8E
첂,0xAA8F
첃,0xAA90
첄,0xAA91
첅,0xAA92
첆,0xAA93
첇,0xAA94
첈,0xAA95
첉,0xAA96
첊,0xAA97
첋,0xAA98
첌,0xAA99
첍,0xAA9A
첎,0xAA9B
첏,0xAA9C
첐,0xAA9D
첑,0xAA9E
첒,0xAA9F
첓,0xAAA0
첔,0xAB41
첕,0xAB42
첖,0xAB43
첗,0xAB44
첚,0xAB45
첛,0xAB46
첝,0xAB47
첞,0xAB48
첟,0xAB49
첡,0xAB4A
첢,0xAB4B
첣,0xAB4C
첤,0xAB4D
첥,0xAB4E
첦,0xAB4F
첧,0xAB50
첪,0xAB51
첮,0xAB52
첯,0xAB53
첰,0xAB54
첱,0xAB55
첲,0xAB56
첳,0xAB57
첶,0xAB58
첷,0xAB59
첹,0xAB5A
첺,0xAB61
첻,0xAB62
첽,0xAB63
첾,0xAB64
첿,0xAB65
쳀,0xAB66
쳁,0xAB67
쳂,0xAB68
쳃,0xAB69
쳆,0xAB6A
쳈,0xAB6B
쳊,0xAB6C
쳋,0xAB6D
쳌,0xAB6E
쳍,0xAB6F
쳎,0xAB70
쳏,0xAB71
쳑,0xAB72
쳒,0xAB73
쳓,0xAB74
쳕,0xAB75
쳖,0xAB76
쳗,0xAB77
쳘,0xAB78
쳙,0xAB79
쳚,0xAB7A
쳛,0xAB81
쳜,0xAB82
쳝,0xAB83
쳞,0xAB84
쳟,0xAB85
쳠,0xAB86
쳡,0xAB87
쳢,0xAB88
쳣,0xAB89
쳥,0xAB8A
쳦,0xAB8B
쳧,0xAB8C
쳨,0xAB8D
쳩,0xAB8E
쳪,0xAB8F
쳫,0xAB90
쳭,0xAB91
쳮,0xAB92
쳯,0xAB93
쳱,0xAB94
쳲,0xAB95
쳳,0xAB96
쳴,0xAB97
쳵,0xAB98
쳶,0xAB99
쳷,0xAB9A
쳸,0xAB9B
쳹,0xAB9C
쳺,0xAB9D
쳻,0xAB9E
쳼,0xAB9F
쳽,0xABA0
쳾,0xAC41
쳿,0xAC42
촀,0xAC43
촂,0xAC44
촃,0xAC45
촄,0xAC46
촅,0xAC47
촆,0xAC48
촇,0xAC49
촊,0xAC4A
촋,0xAC4B
촍,0xAC4C
촎,0xAC4D
촏,0xAC4E
촑,0xAC4F
촒,0xAC50
촓,0xAC51
촔,0xAC52
촕,0xAC53
촖,0xAC54
촗,0xAC55
촚,0xAC56
촜,0xAC57
촞,0xAC58
촟,0xAC59
촠,0xAC5A
촡,0xAC61
촢,0xAC62
촣,0xAC63
촥,0xAC64
촦,0xAC65
촧,0xAC66
촩,0xAC67
촪,0xAC68
촫,0xAC69
촭,0xAC6A
촮,0xAC6B
촯,0xAC6C
촰,0xAC6D
촱,0xAC6E
촲,0xAC6F
촳,0xAC70
촴,0xAC71
촵,0xAC72
촶,0xAC73
촷,0xAC74
촸,0xAC75
촺,0xAC76
촻,0xAC77
촼,0xAC78
촽,0xAC79
촾,0xAC7A
촿,0xAC81
쵀,0xAC82
쵁,0xAC83
쵂,0xAC84
쵃,0xAC85
쵄,0xAC86
쵅,0xAC87
쵆,0xAC88
쵇,0xAC89
쵈,0xAC8A
쵉,0xAC8B
쵊,0xAC8C
쵋,0xAC8D
쵌,0xAC8E
쵍,0xAC8F
쵎,0xAC90
쵏,0xAC91
쵐,0xAC92
쵑,0xAC93
쵒,0xAC94
쵓,0xAC95
쵔,0xAC96
쵕,0xAC97
쵖,0xAC98
쵗,0xAC99
쵘,0xAC9A
쵙,0xAC9B
쵚,0xAC9C
쵛,0xAC9D
쵝,0xAC9E
쵞,0xAC9F
쵟,0xACA0
쵡,0xAD41
쵢,0xAD42
쵣,0xAD43
쵥,0xAD44
쵦,0xAD45
쵧,0xAD46
쵨,0xAD47
쵩,0xAD48
쵪,0xAD49
쵫,0xAD4A
쵮,0xAD4B
쵰,0xAD4C
쵲,0xAD4D
쵳,0xAD4E
쵴,0xAD4F
쵵,0xAD50
쵶,0xAD51
쵷,0xAD52
쵹,0xAD53
쵺,0xAD54
쵻,0xAD55
쵼,0xAD56
쵽,0xAD57
쵾,0xAD58
쵿,0xAD59
춀,0xAD5A
춁,0xAD61
춂,0xAD62
춃,0xAD63
춄,0xAD64
춅,0xAD65
춆,0xAD66
춇,0xAD67
춉,0xAD68
춊,0xAD69
춋,0xAD6A
춌,0xAD6B
춍,0xAD6C
춎,0xAD6D
춏,0xAD6E
춐,0xAD6F
춑,0xAD70
춒,0xAD71
춓,0xAD72
춖,0xAD73
춗,0xAD74
춙,0xAD75
춚,0xAD76
춛,0xAD77
춝,0xAD78
춞,0xAD79
춟,0xAD7A
춠,0xAD81
춡,0xAD82
춢,0xAD83
춣,0xAD84
춦,0xAD85
춨,0xAD86
춪,0xAD87
춫,0xAD88
춬,0xAD89
춭,0xAD8A
춮,0xAD8B
춯,0xAD8C
춱,0xAD8D
춲,0xAD8E
춳,0xAD8F
춴,0xAD90
춵,0xAD91
춶,0xAD92
춷,0xAD93
춸,0xAD94
춹,0xAD95
춺,0xAD96
춻,0xAD97
춼,0xAD98
춽,0xAD99
춾,0xAD9A
춿,0xAD9B
췀,0xAD9C
췁,0xAD9D
췂,0xAD9E
췃,0xAD9F
췅,0xADA0
췆,0xAE41
췇,0xAE42
췈,0xAE43
췉,0xAE44
췊,0xAE45
췋,0xAE46
췍,0xAE47
췎,0xAE48
췏,0xAE49
췑,0xAE4A
췒,0xAE4B
췓,0xAE4C
췔,0xAE4D
췕,0xAE4E
췖,0xAE4F
췗,0xAE50
췘,0xAE51
췙,0xAE52
췚,0xAE53
췛,0xAE54
췜,0xAE55
췝,0xAE56
췞,0xAE57
췟,0xAE58
췠,0xAE59
췡,0xAE5A
췢,0xAE61
췣,0xAE62
췤,0xAE63
췥,0xAE64
췦,0xAE65
췧,0xAE66
췩,0xAE67
췪,0xAE68
췫,0xAE69
췭,0xAE6A
췮,0xAE6B
췯,0xAE6C
췱,0xAE6D
췲,0xAE6E
췳,0xAE6F
췴,0xAE70
췵,0xAE71
췶,0xAE72
췷,0xAE73
췺,0xAE74
췼,0xAE75
췾,0xAE76
췿,0xAE77
츀,0xAE78
츁,0xAE79
츂,0xAE7A
츃,0xAE81
츅,0xAE82
츆,0xAE83
츇,0xAE84
츉,0xAE85
츊,0xAE86
츋,0xAE87
츍,0xAE88
츎,0xAE89
츏,0xAE8A
츐,0xAE8B
츑,0xAE8C
츒,0xAE8D
츓,0xAE8E
츕,0xAE8F
츖,0xAE90
츗,0xAE91
츘,0xAE92
츚,0xAE93
츛,0xAE94
츜,0xAE95
츝,0xAE96
츞,0xAE97
츟,0xAE98
츢,0xAE99
츣,0xAE9A
츥,0xAE9B
츦,0xAE9C
츧,0xAE9D
츩,0xAE9E
츪,0xAE9F
츫,0xAEA0
츬,0xAF41
츭,0xAF42
츮,0xAF43
츯,0xAF44
츲,0xAF45
츴,0xAF46
츶,0xAF47
츷,0xAF48
츸,0xAF49
츹,0xAF4A
츺,0xAF4B
츻,0xAF4C
츼,0xAF4D
츽,0xAF4E
츾,0xAF4F
츿,0xAF50
칀,0xAF51
칁,0xAF52
칂,0xAF53
칃,0xAF54
칄,0xAF55
칅,0xAF56
칆,0xAF57
칇,0xAF58
칈,0xAF59
칉,0xAF5A
칊,0xAF61
칋,0xAF62
칌,0xAF63
칍,0xAF64
칎,0xAF65
칏,0xAF66
칐,0xAF67
칑,0xAF68
칒,0xAF69
칓,0xAF6A
칔,0xAF6B
칕,0xAF6C
칖,0xAF6D
칗,0xAF6E
칚,0xAF6F
칛,0xAF70
칝,0xAF71
칞,0xAF72
칢,0xAF73
칣,0xAF74
칤,0xAF75
칥,0xAF76
칦,0xAF77
칧,0xAF78
칪,0xAF79
칬,0xAF7A
칮,0xAF81
칯,0xAF82
칰,0xAF83
칱,0xAF84
칲,0xAF85
칳,0xAF86
칶,0xAF87
칷,0xAF88
칹,0xAF89
칺,0xAF8A
칻,0xAF8B
칽,0xAF8C
칾,0xAF8D
칿,0xAF8E
캀,0xAF8F
캁,0xAF90
캂,0xAF91
캃,0xAF92
캆,0xAF93
캈,0xAF94
캊,0xAF95
캋,0xAF96
캌,0xAF97
캍,0xAF98
캎,0xAF99
캏,0xAF9A
캒,0xAF9B
캓,0xAF9C
캕,0xAF9D
캖,0xAF9E
캗,0xAF9F
캙,0xAFA0
캚,0xB041
캛,0xB042
캜,0xB043
캝,0xB044
캞,0xB045
캟,0xB046
캢,0xB047
캦,0xB048
캧,0xB049
캨,0xB04A
캩,0xB04B
캪,0xB04C
캫,0xB04D
캮,0xB04E
캯,0xB04F
캰,0xB050
캱,0xB051
캲,0xB052
캳,0xB053
캴,0xB054
캵,0xB055
캶,0xB056
캷,0xB057
캸,0xB058
캹,0xB059
캺,0xB05A
캻,0xB061
캼,0xB062
캽,0xB063
캾,0xB064
캿,0xB065
컀,0xB066
컂,0xB067
컃,0xB068
컄,0xB069
컅,0xB06A
컆,0xB06B
컇,0xB06C
컈,0xB06D
컉,0xB06E
컊,0xB06F
컋,0xB070
컌,0xB071
컍,0xB072
컎,0xB073
컏,0xB074
컐,0xB075
컑,0xB076
컒,0xB077
컓,0xB078
컔,0xB079
컕,0xB07A
컖,0xB081
컗,0xB082
컘,0xB083
컙,0xB084
컚,0xB085
컛,0xB086
컜,0xB087
컝,0xB088
컞,0xB089
컟,0xB08A
컠,0xB08B
컡,0xB08C
컢,0xB08D
컣,0xB08E
컦,0xB08F
컧,0xB090
컩,0xB091
컪,0xB092
컭,0xB093
컮,0xB094
컯,0xB095
컰,0xB096
컱,0xB097
컲,0xB098
컳,0xB099
컶,0xB09A
컺,0xB09B
컻,0xB09C
컼,0xB09D
컽,0xB09E
컾,0xB09F
컿,0xB0A0
켂,0xB141
켃,0xB142
켅,0xB143
켆,0xB144
켇,0xB145
켉,0xB146
켊,0xB147
켋,0xB148
켌,0xB149
켍,0xB14A
켎,0xB14B
켏,0xB14C
켒,0xB14D
켔,0xB14E
켖,0xB14F
켗,0xB150
켘,0xB151
켙,0xB152
켚,0xB153
켛,0xB154
켝,0xB155
켞,0xB156
켟,0xB157
켡,0xB158
켢,0xB159
켣,0xB15A
켥,0xB161
켦,0xB162
켧,0xB163
켨,0xB164
켩,0xB165
켪,0xB166
켫,0xB167
켮,0xB168
켲,0xB169
켳,0xB16A
켴,0xB16B
켵,0xB16C
켶,0xB16D
켷,0xB16E
켹,0xB16F
켺,0xB170
켻,0xB171
켼,0xB172
켽,0xB173
켾,0xB174
켿,0xB175
콀,0xB176
콁,0xB177
콂,0xB178
콃,0xB179
콄,0xB17A
콅,0xB181
콆,0xB182
콇,0xB183
콈,0xB184
콉,0xB185
콊,0xB186
콋,0xB187
콌,0xB188
콍,0xB189
콎,0xB18A
콏,0xB18B
콐,0xB18C
콑,0xB18D
콒,0xB18E
콓,0xB18F
콖,0xB190
콗,0xB191
콙,0xB192
콚,0xB193
콛,0xB194
콝,0xB195
콞,0xB196
콟,0xB197
콠,0xB198
콡,0xB199
콢,0xB19A
콣,0xB19B
콦,0xB19C
콨,0xB19D
콪,0xB19E
콫,0xB19F
콬,0xB1A0
콭,0xB241
콮,0xB242
콯,0xB243
콲,0xB244
콳,0xB245
콵,0xB246
콶,0xB247
콷,0xB248
콹,0xB249
콺,0xB24A
콻,0xB24B
콼,0xB24C
콽,0xB24D
콾,0xB24E
콿,0xB24F
쾁,0xB250
쾂,0xB251
쾃,0xB252
쾄,0xB253
쾆,0xB254
쾇,0xB255
쾈,0xB256
쾉,0xB257
쾊,0xB258
쾋,0xB259
쾍,0xB25A
쾎,0xB261
쾏,0xB262
쾐,0xB263
쾑,0xB264
쾒,0xB265
쾓,0xB266
쾔,0xB267
쾕,0xB268
쾖,0xB269
쾗,0xB26A
쾘,0xB26B
쾙,0xB26C
쾚,0xB26D
쾛,0xB26E
쾜,0xB26F
쾝,0xB270
쾞,0xB271
쾟,0xB272
쾠,0xB273
쾢,0xB274
쾣,0xB275
쾤,0xB276
쾥,0xB277
쾦,0xB278
쾧,0xB279
쾩,0xB27A
쾪,0xB281
쾫,0xB282
쾬,0xB283
쾭,0xB284
쾮,0xB285
쾯,0xB286
쾱,0xB287
쾲,0xB288
쾳,0xB289
쾴,0xB28A
쾵,0xB28B
쾶,0xB28C
쾷,0xB28D
쾸,0xB28E
쾹,0xB28F
쾺,0xB290
쾻,0xB291
쾼,0xB292
쾽,0xB293
쾾,0xB294
쾿,0xB295
쿀,0xB296
쿁,0xB297
쿂,0xB298
쿃,0xB299
쿅,0xB29A
쿆,0xB29B
쿇,0xB29C
쿈,0xB29D
쿉,0xB29E
쿊,0xB29F
쿋,0xB2A0
쿌,0xB341
쿍,0xB342
쿎,0xB343
쿏,0xB344
쿐,0xB345
쿑,0xB346
쿒,0xB347
쿓,0xB348
쿔,0xB349
쿕,0xB34A
쿖,0xB34B
쿗,0xB34C
쿘,0xB34D
쿙,0xB34E
쿚,0xB34F
쿛,0xB350
쿜,0xB351
쿝,0xB352
쿞,0xB353
쿟,0xB354
쿢,0xB355
쿣,0xB356
쿥,0xB357
쿦,0xB358
쿧,0xB359
쿩,0xB35A
쿪,0xB361
쿫,0xB362
쿬,0xB363
쿭,0xB364
쿮,0xB365
쿯,0xB366
쿲,0xB367
쿴,0xB368
쿶,0xB369
쿷,0xB36A
쿸,0xB36B
쿹,0xB36C
쿺,0xB36D
쿻,0xB36E
쿽,0xB36F
쿾,0xB370
쿿,0xB371
퀁,0xB372
퀂,0xB373
퀃,0xB374
퀅,0xB375
퀆,0xB376
퀇,0xB377
퀈,0xB378
퀉,0xB379
퀊,0xB37A
퀋,0xB381
퀌,0xB382
퀍,0xB383
퀎,0xB384
퀏,0xB385
퀐,0xB386
퀒,0xB387
퀓,0xB388
퀔,0xB389
퀕,0xB38A
퀖,0xB38B
퀗,0xB38C
퀙,0xB38D
퀚,0xB38E
퀛,0xB38F
퀜,0xB390
퀝,0xB391
퀞,0xB392
퀟,0xB393
퀠,0xB394
퀡,0xB395
퀢,0xB396
퀣,0xB397
퀤,0xB398
퀥,0xB399
퀦,0xB39A
퀧,0xB39B
퀨,0xB39C
퀩,0xB39D
퀪,0xB39E
퀫,0xB39F
퀬,0xB3A0
퀮,0xB441
퀯,0xB442
퀰,0xB443
퀱,0xB444
퀲,0xB445
퀳,0xB446
퀶,0xB447
퀷,0xB448
퀹,0xB449
퀺,0xB44A
퀻,0xB44B
퀽,0xB44C
퀾,0xB44D
퀿,0xB44E
큀,0xB44F
큁,0xB450
큂,0xB451
큃,0xB452
큆,0xB453
큈,0xB454
큊,0xB455
큋,0xB456
큌,0xB457
큍,0xB458
큎,0xB459
큏,0xB45A
큑,0xB461
큒,0xB462
큓,0xB463
큕,0xB464
큖,0xB465
큗,0xB466
큙,0xB467
큚,0xB468
큛,0xB469
큜,0xB46A
큝,0xB46B
큞,0xB46C
큟,0xB46D
큡,0xB46E
큢,0xB46F
큣,0xB470
큤,0xB471
큥,0xB472
큦,0xB473
큧,0xB474
큨,0xB475
큩,0xB476
큪,0xB477
큫,0xB478
큮,0xB479
큯,0xB47A
큱,0xB481
큲,0xB482
큳,0xB483
큵,0xB484
큶,0xB485
큷,0xB486
큸,0xB487
큹,0xB488
큺,0xB489
큻,0xB48A
큾,0xB48B
큿,0xB48C
킀,0xB48D
킂,0xB48E
킃,0xB48F
킄,0xB490
킅,0xB491
킆,0xB492
킇,0xB493
킈,0xB494
킉,0xB495
킊,0xB496
킋,0xB497
킌,0xB498
킍,0xB499
킎,0xB49A
킏,0xB49B
킐,0xB49C
킑,0xB49D
킒,0xB49E
킓,0xB49F
킔,0xB4A0
킕,0xB541
킖,0xB542
킗,0xB543
킘,0xB544
킙,0xB545
킚,0xB546
킛,0xB547
킜,0xB548
킝,0xB549
킞,0xB54A
킟,0xB54B
킠,0xB54C
킡,0xB54D
킢,0xB54E
킣,0xB54F
킦,0xB550
킧,0xB551
킩,0xB552
킪,0xB553
킫,0xB554
킭,0xB555
킮,0xB556
킯,0xB557
킰,0xB558
킱,0xB559
킲,0xB55A
킳,0xB561
킶,0xB562
킸,0xB563
킺,0xB564
킻,0xB565
킼,0xB566
킽,0xB567
킾,0xB568
킿,0xB569
탂,0xB56A
탃,0xB56B
탅,0xB56C
탆,0xB56D
탇,0xB56E
탊,0xB56F
탋,0xB570
탌,0xB571
탍,0xB572
탎,0xB573
탏,0xB574
탒,0xB575
탖,0xB576
탗,0xB577
탘,0xB578
탙,0xB579
탚,0xB57A
탛,0xB581
탞,0xB582
탟,0xB583
탡,0xB584
탢,0xB585
탣,0xB586
탥,0xB587
탦,0xB588
탧,0xB589
탨,0xB58A
탩,0xB58B
탪,0xB58C
탫,0xB58D
탮,0xB58E
탲,0xB58F
탳,0xB590
탴,0xB591
탵,0xB592
탶,0xB593
탷,0xB594
탹,0xB595
탺,0xB596
탻,0xB597
탼,0xB598
탽,0xB599
탾,0xB59A
탿,0xB59B
턀,0xB59C
턁,0xB59D
턂,0xB59E
턃,0xB59F
턄,0xB5A0
턅,0xB641
턆,0xB642
턇,0xB643
턈,0xB644
턉,0xB645
턊,0xB646
턋,0xB647
턌,0xB648
턎,0xB649
턏,0xB64A
턐,0xB64B
턑,0xB64C
턒,0xB64D
턓,0xB64E
턔,0xB64F
턕,0xB650
턖,0xB651
턗,0xB652
턘,0xB653
턙,0xB654
턚,0xB655
턛,0xB656
턜,0xB657
턝,0xB658
턞,0xB659
턟,0xB65A
턠,0xB661
턡,0xB662
턢,0xB663
턣,0xB664
턤,0xB665
턥,0xB666
턦,0xB667
턧,0xB668
턨,0xB669
턩,0xB66A
턪,0xB66B
턫,0xB66C
턬,0xB66D
턭,0xB66E
턮,0xB66F
턯,0xB670
턲,0xB671
턳,0xB672
턵,0xB673
턶,0xB674
턷,0xB675
턹,0xB676
턻,0xB677
턼,0xB678
턽,0xB679
턾,0xB67A
턿,0xB681
텂,0xB682
텆,0xB683
텇,0xB684
텈,0xB685
텉,0xB686
텊,0xB687
텋,0xB688
텎,0xB689
텏,0xB68A
텑,0xB68B
텒,0xB68C
텓,0xB68D
텕,0xB68E
텖,0xB68F
텗,0xB690
텘,0xB691
텙,0xB692
텚,0xB693
텛,0xB694
텞,0xB695
텠,0xB696
텢,0xB697
텣,0xB698
텤,0xB699
텥,0xB69A
텦,0xB69B
텧,0xB69C
텩,0xB69D
텪,0xB69E
텫,0xB69F
텭,0xB6A0
텮,0xB741
텯,0xB742
텰,0xB743
텱,0xB744
텲,0xB745
텳,0xB746
텴,0xB747
텵,0xB748
텶,0xB749
텷,0xB74A
텸,0xB74B
텹,0xB74C
텺,0xB74D
텻,0xB74E
텽,0xB74F
텾,0xB750
텿,0xB751
톀,0xB752
톁,0xB753
톂,0xB754
톃,0xB755
톅,0xB756
톆,0xB757
톇,0xB758
톉,0xB759
톊,0xB75A
톋,0xB761
톌,0xB762
톍,0xB763
톎,0xB764
톏,0xB765
톐,0xB766
톑,0xB767
톒,0xB768
톓,0xB769
톔,0xB76A
톕,0xB76B
톖,0xB76C
톗,0xB76D
톘,0xB76E
톙,0xB76F
톚,0xB770
톛,0xB771
톜,0xB772
톝,0xB773
톞,0xB774
톟,0xB775
톢,0xB776
톣,0xB777
톥,0xB778
톦,0xB779
톧,0xB77A
톩,0xB781
톪,0xB782
톫,0xB783
톬,0xB784
톭,0xB785
톮,0xB786
톯,0xB787
톲,0xB788
톴,0xB789
톶,0xB78A
톷,0xB78B
톸,0xB78C
톹,0xB78D
톻,0xB78E
톽,0xB78F
톾,0xB790
톿,0xB791
퇁,0xB792
퇂,0xB793
퇃,0xB794
퇄,0xB795
퇅,0xB796
퇆,0xB797
퇇,0xB798
퇈,0xB799
퇉,0xB79A
퇊,0xB79B
퇋,0xB79C
퇌,0xB79D
퇍,0xB79E
퇎,0xB79F
퇏,0xB7A0
퇐,0xB841
퇑,0xB842
퇒,0xB843
퇓,0xB844
퇔,0xB845
퇕,0xB846
퇖,0xB847
퇗,0xB848
퇙,0xB849
퇚,0xB84A
퇛,0xB84B
퇜,0xB84C
퇝,0xB84D
퇞,0xB84E
퇟,0xB84F
퇠,0xB850
퇡,0xB851
퇢,0xB852
퇣,0xB853
퇤,0xB854
퇥,0xB855
퇦,0xB856
퇧,0xB857
퇨,0xB858
퇩,0xB859
퇪,0xB85A
퇫,0xB861
퇬,0xB862
퇭,0xB863
퇮,0xB864
퇯,0xB865
퇰,0xB866
퇱,0xB867
퇲,0xB868
퇳,0xB869
퇵,0xB86A
퇶,0xB86B
퇷,0xB86C
퇹,0xB86D
퇺,0xB86E
퇻,0xB86F
퇼,0xB870
퇽,0xB871
퇾,0xB872
퇿,0xB873
툀,0xB874
툁,0xB875
툂,0xB876
툃,0xB877
툄,0xB878
툅,0xB879
툆,0xB87A
툈,0xB881
툊,0xB882
툋,0xB883
툌,0xB884
툍,0xB885
툎,0xB886
툏,0xB887
툑,0xB888
툒,0xB889
툓,0xB88A
툔,0xB88B
툕,0xB88C
툖,0xB88D
툗,0xB88E
툘,0xB88F
툙,0xB890
툚,0xB891
툛,0xB892
툜,0xB893
툝,0xB894
툞,0xB895
툟,0xB896
툠,0xB897
툡,0xB898
툢,0xB899
툣,0xB89A
툤,0xB89B
툥,0xB89C
툦,0xB89D
툧,0xB89E
툨,0xB89F
툩,0xB8A0
툪,0xB941
툫,0xB942
툮,0xB943
툯,0xB944
툱,0xB945
툲,0xB946
툳,0xB947
툵,0xB948
툶,0xB949
툷,0xB94A
툸,0xB94B
툹,0xB94C
툺,0xB94D
툻,0xB94E
툾,0xB94F
퉀,0xB950
퉂,0xB951
퉃,0xB952
퉄,0xB953
퉅,0xB954
퉆,0xB955
퉇,0xB956
퉉,0xB957
퉊,0xB958
퉋,0xB959
퉌,0xB95A
퉍,0xB961
퉎,0xB962
퉏,0xB963
퉐,0xB964
퉑,0xB965
퉒,0xB966
퉓,0xB967
퉔,0xB968
퉕,0xB969
퉖,0xB96A
퉗,0xB96B
퉘,0xB96C
퉙,0xB96D
퉚,0xB96E
퉛,0xB96F
퉝,0xB970
퉞,0xB971
퉟,0xB972
퉠,0xB973
퉡,0xB974
퉢,0xB975
퉣,0xB976
퉥,0xB977
퉦,0xB978
퉧,0xB979
퉨,0xB97A
퉩,0xB981
퉪,0xB982
퉫,0xB983
퉬,0xB984
퉭,0xB985
퉮,0xB986
퉯,0xB987
퉰,0xB988
퉱,0xB989
퉲,0xB98A
퉳,0xB98B
퉴,0xB98C
퉵,0xB98D
퉶,0xB98E
퉷,0xB98F
퉸,0xB990
퉹,0xB991
퉺,0xB992
퉻,0xB993
퉼,0xB994
퉽,0xB995
퉾,0xB996
퉿,0xB997
튂,0xB998
튃,0xB999
튅,0xB99A
튆,0xB99B
튇,0xB99C
튉,0xB99D
튊,0xB99E
튋,0xB99F
튌,0xB9A0
튍,0xBA41
튎,0xBA42
튏,0xBA43
튒,0xBA44
튓,0xBA45
튔,0xBA46
튖,0xBA47
튗,0xBA48
튘,0xBA49
튙,0xBA4A
튚,0xBA4B
튛,0xBA4C
튝,0xBA4D
튞,0xBA4E
튟,0xBA4F
튡,0xBA50
튢,0xBA51
튣,0xBA52
튥,0xBA53
튦,0xBA54
튧,0xBA55
튨,0xBA56
튩,0xBA57
튪,0xBA58
튫,0xBA59
튭,0xBA5A
튮,0xBA61
튯,0xBA62
튰,0xBA63
튲,0xBA64
튳,0xBA65
튴,0xBA66
튵,0xBA67
튶,0xBA68
튷,0xBA69
튺,0xBA6A
튻,0xBA6B
튽,0xBA6C
튾,0xBA6D
틁,0xBA6E
틃,0xBA6F
틄,0xBA70
틅,0xBA71
틆,0xBA72
틇,0xBA73
틊,0xBA74
틌,0xBA75
틍,0xBA76
틎,0xBA77
틏,0xBA78
틐,0xBA79
틑,0xBA7A
틒,0xBA81
틓,0xBA82
틕,0xBA83
틖,0xBA84
틗,0xBA85
틙,0xBA86
틚,0xBA87
틛,0xBA88
틝,0xBA89
틞,0xBA8A
틟,0xBA8B
틠,0xBA8C
틡,0xBA8D
틢,0xBA8E
틣,0xBA8F
틦,0xBA90
틧,0xBA91
틨,0xBA92
틩,0xBA93
틪,0xBA94
틫,0xBA95
틬,0xBA96
틭,0xBA97
틮,0xBA98
틯,0xBA99
틲,0xBA9A
틳,0xBA9B
틵,0xBA9C
틶,0xBA9D
틷,0xBA9E
틹,0xBA9F
틺,0xBAA0
틻,0xBB41
틼,0xBB42
틽,0xBB43
틾,0xBB44
틿,0xBB45
팂,0xBB46
팄,0xBB47
팆,0xBB48
팇,0xBB49
팈,0xBB4A
팉,0xBB4B
팊,0xBB4C
팋,0xBB4D
팏,0xBB4E
팑,0xBB4F
팒,0xBB50
팓,0xBB51
팕,0xBB52
팗,0xBB53
팘,0xBB54
팙,0xBB55
팚,0xBB56
팛,0xBB57
팞,0xBB58
팢,0xBB59
팣,0xBB5A
팤,0xBB61
팦,0xBB62
팧,0xBB63
팪,0xBB64
팫,0xBB65
팭,0xBB66
팮,0xBB67
팯,0xBB68
팱,0xBB69
팲,0xBB6A
팳,0xBB6B
팴,0xBB6C
팵,0xBB6D
팶,0xBB6E
팷,0xBB6F
팺,0xBB70
팾,0xBB71
팿,0xBB72
퍀,0xBB73
퍁,0xBB74
퍂,0xBB75
퍃,0xBB76
퍆,0xBB77
퍇,0xBB78
퍈,0xBB79
퍉,0xBB7A
퍊,0xBB81
퍋,0xBB82
퍌,0xBB83
퍍,0xBB84
퍎,0xBB85
퍏,0xBB86
퍐,0xBB87
퍑,0xBB88
퍒,0xBB89
퍓,0xBB8A
퍔,0xBB8B
퍕,0xBB8C
퍖,0xBB8D
퍗,0xBB8E
퍘,0xBB8F
퍙,0xBB90
퍚,0xBB91
퍛,0xBB92
퍜,0xBB93
퍝,0xBB94
퍞,0xBB95
퍟,0xBB96
퍠,0xBB97
퍡,0xBB98
퍢,0xBB99
퍣,0xBB9A
퍤,0xBB9B
퍥,0xBB9C
퍦,0xBB9D
퍧,0xBB9E
퍨,0xBB9F
퍩,0xBBA0
퍪,0xBC41
퍫,0xBC42
퍬,0xBC43
퍭,0xBC44
퍮,0xBC45
퍯,0xBC46
퍰,0xBC47
퍱,0xBC48
퍲,0xBC49
퍳,0xBC4A
퍴,0xBC4B
퍵,0xBC4C
퍶,0xBC4D
퍷,0xBC4E
퍸,0xBC4F
퍹,0xBC50
퍺,0xBC51
퍻,0xBC52
퍾,0xBC53
퍿,0xBC54
펁,0xBC55
펂,0xBC56
펃,0xBC57
펅,0xBC58
펆,0xBC59
펇,0xBC5A
펈,0xBC61
펉,0xBC62
펊,0xBC63
펋,0xBC64
펎,0xBC65
펒,0xBC66
펓,0xBC67
펔,0xBC68
펕,0xBC69
펖,0xBC6A
펗,0xBC6B
펚,0xBC6C
펛,0xBC6D
펝,0xBC6E
펞,0xBC6F
펟,0xBC70
펡,0xBC71
펢,0xBC72
펣,0xBC73
펤,0xBC74
펥,0xBC75
펦,0xBC76
펧,0xBC77
펪,0xBC78
펬,0xBC79
펮,0xBC7A
펯,0xBC81
펰,0xBC82
펱,0xBC83
펲,0xBC84
펳,0xBC85
펵,0xBC86
펶,0xBC87
펷,0xBC88
펹,0xBC89
펺,0xBC8A
펻,0xBC8B
펽,0xBC8C
펾,0xBC8D
펿,0xBC8E
폀,0xBC8F
폁,0xBC90
폂,0xBC91
폃,0xBC92
폆,0xBC93
폇,0xBC94
폊,0xBC95
폋,0xBC96
폌,0xBC97
폍,0xBC98
폎,0xBC99
폏,0xBC9A
폑,0xBC9B
폒,0xBC9C
폓,0xBC9D
폔,0xBC9E
폕,0xBC9F
폖,0xBCA0
폗,0xBD41
폙,0xBD42
폚,0xBD43
폛,0xBD44
폜,0xBD45
폝,0xBD46
폞,0xBD47
폟,0xBD48
폠,0xBD49
폢,0xBD4A
폤,0xBD4B
폥,0xBD4C
폦,0xBD4D
폧,0xBD4E
폨,0xBD4F
폩,0xBD50
폪,0xBD51
폫,0xBD52
폮,0xBD53
폯,0xBD54
폱,0xBD55
폲,0xBD56
폳,0xBD57
폵,0xBD58
폶,0xBD59
폷,0xBD5A
폸,0xBD61
폹,0xBD62
폺,0xBD63
폻,0xBD64
폾,0xBD65
퐀,0xBD66
퐂,0xBD67
퐃,0xBD68
퐄,0xBD69
퐅,0xBD6A
퐆,0xBD6B
퐇,0xBD6C
퐉,0xBD6D
퐊,0xBD6E
퐋,0xBD6F
퐌,0xBD70
퐍,0xBD71
퐎,0xBD72
퐏,0xBD73
퐐,0xBD74
퐑,0xBD75
퐒,0xBD76
퐓,0xBD77
퐔,0xBD78
퐕,0xBD79
퐖,0xBD7A
퐗,0xBD81
퐘,0xBD82
퐙,0xBD83
퐚,0xBD84
퐛,0xBD85
퐜,0xBD86
퐞,0xBD87
퐟,0xBD88
퐠,0xBD89
퐡,0xBD8A
퐢,0xBD8B
퐣,0xBD8C
퐤,0xBD8D
퐥,0xBD8E
퐦,0xBD8F
퐧,0xBD90
퐨,0xBD91
퐩,0xBD92
퐪,0xBD93
퐫,0xBD94
퐬,0xBD95
퐭,0xBD96
퐮,0xBD97
퐯,0xBD98
퐰,0xBD99
퐱,0xBD9A
퐲,0xBD9B
퐳,0xBD9C
퐴,0xBD9D
퐵,0xBD9E
퐶,0xBD9F
퐷,0xBDA0
퐸,0xBE41
퐹,0xBE42
퐺,0xBE43
퐻,0xBE44
퐼,0xBE45
퐽,0xBE46
퐾,0xBE47
퐿,0xBE48
푁,0xBE49
푂,0xBE4A
푃,0xBE4B
푅,0xBE4C
푆,0xBE4D
푇,0xBE4E
푈,0xBE4F
푉,0xBE50
푊,0xBE51
푋,0xBE52
푌,0xBE53
푍,0xBE54
푎,0xBE55
푏,0xBE56
푐,0xBE57
푑,0xBE58
푒,0xBE59
푓,0xBE5A
푔,0xBE61
푕,0xBE62
푖,0xBE63
푗,0xBE64
푘,0xBE65
푙,0xBE66
푚,0xBE67
푛,0xBE68
푝,0xBE69
푞,0xBE6A
푟,0xBE6B
푡,0xBE6C
푢,0xBE6D
푣,0xBE6E
푥,0xBE6F
푦,0xBE70
푧,0xBE71
푨,0xBE72
푩,0xBE73
푪,0xBE74
푫,0xBE75
푬,0xBE76
푮,0xBE77
푰,0xBE78
푱,0xBE79
푲,0xBE7A
푳,0xBE81
푴,0xBE82
푵,0xBE83
푶,0xBE84
푷,0xBE85
푺,0xBE86
푻,0xBE87
푽,0xBE88
푾,0xBE89
풁,0xBE8A
풃,0xBE8B
풄,0xBE8C
풅,0xBE8D
풆,0xBE8E
풇,0xBE8F
풊,0xBE90
풌,0xBE91
풎,0xBE92
풏,0xBE93
풐,0xBE94
풑,0xBE95
풒,0xBE96
풓,0xBE97
풕,0xBE98
풖,0xBE99
풗,0xBE9A
풘,0xBE9B
풙,0xBE9C
풚,0xBE9D
풛,0xBE9E
풜,0xBE9F
풝,0xBEA0
풞,0xBF41
풟,0xBF42
풠,0xBF43
풡,0xBF44
풢,0xBF45
풣,0xBF46
풤,0xBF47
풥,0xBF48
풦,0xBF49
풧,0xBF4A
풨,0xBF4B
풪,0xBF4C
풫,0xBF4D
풬,0xBF4E
풭,0xBF4F
풮,0xBF50
풯,0xBF51
풰,0xBF52
풱,0xBF53
풲,0xBF54
풳,0xBF55
풴,0xBF56
풵,0xBF57
풶,0xBF58
풷,0xBF59
풸,0xBF5A
풹,0xBF61
풺,0xBF62
풻,0xBF63
풼,0xBF64
풽,0xBF65
풾,0xBF66
풿,0xBF67
퓀,0xBF68
퓁,0xBF69
퓂,0xBF6A
퓃,0xBF6B
퓄,0xBF6C
퓅,0xBF6D
퓆,0xBF6E
퓇,0xBF6F
퓈,0xBF70
퓉,0xBF71
퓊,0xBF72
퓋,0xBF73
퓍,0xBF74
퓎,0xBF75
퓏,0xBF76
퓑,0xBF77
퓒,0xBF78
퓓,0xBF79
퓕,0xBF7A
퓖,0xBF81
퓗,0xBF82
퓘,0xBF83
퓙,0xBF84
퓚,0xBF85
퓛,0xBF86
퓝,0xBF87
퓞,0xBF88
퓠,0xBF89
퓡,0xBF8A
퓢,0xBF8B
퓣,0xBF8C
퓤,0xBF8D
퓥,0xBF8E
퓦,0xBF8F
퓧,0xBF90
퓩,0xBF91
퓪,0xBF92
퓫,0xBF93
퓭,0xBF94
퓮,0xBF95
퓯,0xBF96
퓱,0xBF97
퓲,0xBF98
퓳,0xBF99
퓴,0xBF9A
퓵,0xBF9B
퓶,0xBF9C
퓷,0xBF9D
퓹,0xBF9E
퓺,0xBF9F
퓼,0xBFA0
퓾,0xC041
퓿,0xC042
픀,0xC043
픁,0xC044
픂,0xC045
픃,0xC046
픅,0xC047
픆,0xC048
픇,0xC049
픉,0xC04A
픊,0xC04B
픋,0xC04C
픍,0xC04D
픎,0xC04E
픏,0xC04F
픐,0xC050
픑,0xC051
픒,0xC052
픓,0xC053
픖,0xC054
픘,0xC055
픙,0xC056
픚,0xC057
픛,0xC058
픜,0xC059
픝,0xC05A
픞,0xC061
픟,0xC062
픠,0xC063
픡,0xC064
픢,0xC065
픣,0xC066
픤,0xC067
픥,0xC068
픦,0xC069
픧,0xC06A
픨,0xC06B
픩,0xC06C
픪,0xC06D
픫,0xC06E
픬,0xC06F
픭,0xC070
픮,0xC071
픯,0xC072
픰,0xC073
픱,0xC074
픲,0xC075
픳,0xC076
픴,0xC077
픵,0xC078
픶,0xC079
픷,0xC07A
픸,0xC081
픹,0xC082
픺,0xC083
픻,0xC084
픾,0xC085
픿,0xC086
핁,0xC087
핂,0xC088
핃,0xC089
핅,0xC08A
핆,0xC08B
핇,0xC08C
핈,0xC08D
핉,0xC08E
핊,0xC08F
핋,0xC090
핎,0xC091
핐,0xC092
핒,0xC093
핓,0xC094
핔,0xC095
핕,0xC096
핖,0xC097
핗,0xC098
핚,0xC099
핛,0xC09A
핝,0xC09B
핞,0xC09C
핟,0xC09D
핡,0xC09E
핢,0xC09F
핣,0xC0A0
핤,0xC141
핦,0xC142
핧,0xC143
핪,0xC144
핬,0xC145
핮,0xC146
핯,0xC147
핰,0xC148
핱,0xC149
핲,0xC14A
핳,0xC14B
핶,0xC14C
핷,0xC14D
핹,0xC14E
핺,0xC14F
핻,0xC150
핽,0xC151
핾,0xC152
핿,0xC153
햀,0xC154
햁,0xC155
햂,0xC156
햃,0xC157
햆,0xC158
햊,0xC159
햋,0xC15A
햌,0xC161
햍,0xC162
햎,0xC163
햏,0xC164
햑,0xC165
햒,0xC166
햓,0xC167
햔,0xC168
햕,0xC169
햖,0xC16A
햗,0xC16B
햘,0xC16C
햙,0xC16D
햚,0xC16E
햛,0xC16F
햜,0xC170
햝,0xC171
햞,0xC172
햟,0xC173
햠,0xC174
햡,0xC175
햢,0xC176
햣,0xC177
햤,0xC178
햦,0xC179
햧,0xC17A
햨,0xC181
햩,0xC182
햪,0xC183
햫,0xC184
햬,0xC185
햭,0xC186
햮,0xC187
햯,0xC188
햰,0xC189
햱,0xC18A
햲,0xC18B
햳,0xC18C
햴,0xC18D
햵,0xC18E
햶,0xC18F
햷,0xC190
햸,0xC191
햹,0xC192
햺,0xC193
햻,0xC194
햼,0xC195
햽,0xC196
햾,0xC197
햿,0xC198
헀,0xC199
헁,0xC19A
헂,0xC19B
헃,0xC19C
헄,0xC19D
헅,0xC19E
헆,0xC19F
헇,0xC1A0
헊,0xC241
헋,0xC242
헍,0xC243
헎,0xC244
헏,0xC245
헑,0xC246
헓,0xC247
헔,0xC248
헕,0xC249
헖,0xC24A
헗,0xC24B
헚,0xC24C
헜,0xC24D
헞,0xC24E
헟,0xC24F
헠,0xC250
헡,0xC251
헢,0xC252
헣,0xC253
헦,0xC254
헧,0xC255
헩,0xC256
헪,0xC257
헫,0xC258
헭,0xC259
헮,0xC25A
헯,0xC261
헰,0xC262
헱,0xC263
헲,0xC264
헳,0xC265
헶,0xC266
헸,0xC267
헺,0xC268
헻,0xC269
헼,0xC26A
헽,0xC26B
헾,0xC26C
헿,0xC26D
혂,0xC26E
혃,0xC26F
혅,0xC270
혆,0xC271
혇,0xC272
혉,0xC273
혊,0xC274
혋,0xC275
혌,0xC276
혍,0xC277
혎,0xC278
혏,0xC279
혒,0xC27A
혖,0xC281
혗,0xC282
혘,0xC283
혙,0xC284
혚,0xC285
혛,0xC286
혝,0xC287
혞,0xC288
혟,0xC289
혡,0xC28A
혢,0xC28B
혣,0xC28C
혥,0xC28D
혦,0xC28E
혧,0xC28F
혨,0xC290
혩,0xC291
혪,0xC292
혫,0xC293
혬,0xC294
혮,0xC295
혯,0xC296
혰,0xC297
혱,0xC298
혲,0xC299
혳,0xC29A
혴,0xC29B
혵,0xC29C
혶,0xC29D
혷,0xC29E
혺,0xC29F
혻,0xC2A0
혽,0xC341
혾,0xC342
혿,0xC343
홁,0xC344
홂,0xC345
홃,0xC346
홄,0xC347
홆,0xC348
홇,0xC349
홊,0xC34A
홌,0xC34B
홎,0xC34C
홏,0xC34D
홐,0xC34E
홒,0xC34F
홓,0xC350
홖,0xC351
홗,0xC352
홙,0xC353
홚,0xC354
홛,0xC355
홝,0xC356
홞,0xC357
홟,0xC358
홠,0xC359
홡,0xC35A
홢,0xC361
홣,0xC362
홤,0xC363
홥,0xC364
홦,0xC365
홨,0xC366
홪,0xC367
홫,0xC368
홬,0xC369
홭,0xC36A
홮,0xC36B
홯,0xC36C
홲,0xC36D
홳,0xC36E
홵,0xC36F
홶,0xC370
홷,0xC371
홸,0xC372
홹,0xC373
홺,0xC374
홻,0xC375
홼,0xC376
홽,0xC377
홾,0xC378
홿,0xC379
횀,0xC37A
횁,0xC381
횂,0xC382
횄,0xC383
횆,0xC384
횇,0xC385
횈,0xC386
횉,0xC387
횊,0xC388
횋,0xC389
횎,0xC38A
횏,0xC38B
횑,0xC38C
횒,0xC38D
횓,0xC38E
횕,0xC38F
횖,0xC390
횗,0xC391
횘,0xC392
횙,0xC393
횚,0xC394
횛,0xC395
횜,0xC396
횞,0xC397
횠,0xC398
횢,0xC399
횣,0xC39A
횤,0xC39B
횥,0xC39C
횦,0xC39D
횧,0xC39E
횩,0xC39F
횪,0xC3A0
횫,0xC441
횭,0xC442
횮,0xC443
횯,0xC444
횱,0xC445
횲,0xC446
횳,0xC447
횴,0xC448
횵,0xC449
횶,0xC44A
횷,0xC44B
횸,0xC44C
횺,0xC44D
횼,0xC44E
횽,0xC44F
횾,0xC450
횿,0xC451
훀,0xC452
훁,0xC453
훂,0xC454
훃,0xC455
훆,0xC456
훇,0xC457
훉,0xC458
훊,0xC459
훋,0xC45A
훍,0xC461
훎,0xC462
훏,0xC463
훐,0xC464
훒,0xC465
훓,0xC466
훕,0xC467
훖,0xC468
훘,0xC469
훚,0xC46A
훛,0xC46B
훜,0xC46C
훝,0xC46D
훞,0xC46E
훟,0xC46F
훡,0xC470
훢,0xC471
훣,0xC472
훥,0xC473
훦,0xC474
훧,0xC475
훩,0xC476
훪,0xC477
훫,0xC478
훬,0xC479
훭,0xC47A
훮,0xC481
훯,0xC482
훱,0xC483
훲,0xC484
훳,0xC485
훴,0xC486
훶,0xC487
훷,0xC488
훸,0xC489
훹,0xC48A
훺,0xC48B
훻,0xC48C
훾,0xC48D
훿,0xC48E
휁,0xC48F
휂,0xC490
휃,0xC491
휅,0xC492
휆,0xC493
휇,0xC494
휈,0xC495
휉,0xC496
휊,0xC497
휋,0xC498
휌,0xC499
휍,0xC49A
휎,0xC49B
휏,0xC49C
휐,0xC49D
휒,0xC49E
휓,0xC49F
휔,0xC4A0
휕,0xC541
휖,0xC542
휗,0xC543
휚,0xC544
휛,0xC545
휝,0xC546
휞,0xC547
휟,0xC548
휡,0xC549
휢,0xC54A
휣,0xC54B
휤,0xC54C
휥,0xC54D
휦,0xC54E
휧,0xC54F
휪,0xC550
휬,0xC551
휮,0xC552
휯,0xC553
휰,0xC554
휱,0xC555
휲,0xC556
휳,0xC557
휶,0xC558
휷,0xC559
휹,0xC55A
휺,0xC561
휻,0xC562
휽,0xC563
휾,0xC564
휿,0xC565
흀,0xC566
흁,0xC567
흂,0xC568
흃,0xC569
흅,0xC56A
흆,0xC56B
흈,0xC56C
흊,0xC56D
흋,0xC56E
흌,0xC56F
흍,0xC570
흎,0xC571
흏,0xC572
흒,0xC573
흓,0xC574
흕,0xC575
흚,0xC576
흛,0xC577
흜,0xC578
흝,0xC579
흞,0xC57A
흟,0xC581
흢,0xC582
흤,0xC583
흦,0xC584
흧,0xC585
흨,0xC586
흪,0xC587
흫,0xC588
흭,0xC589
흮,0xC58A
흯,0xC58B
흱,0xC58C
흲,0xC58D
흳,0xC58E
흵,0xC58F
흶,0xC590
흷,0xC591
흸,0xC592
흹,0xC593
흺,0xC594
흻,0xC595
흾,0xC596
흿,0xC597
힀,0xC598
힂,0xC599
힃,0xC59A
힄,0xC59B
힅,0xC59C
힆,0xC59D
힇,0xC59E
힊,0xC59F
힋,0xC5A0
힍,0xC641
힎,0xC642
힏,0xC643
힑,0xC644
힒,0xC645
힓,0xC646
힔,0xC647
힕,0xC648
힖,0xC649
힗,0xC64A
힚,0xC64B
힜,0xC64C
힞,0xC64D
힟,0xC64E
힠,0xC64F
힡,0xC650
힢,0xC651
힣,0xC652
